DateTime,A1推力器电磁阀温度,A2推力器电磁阀温度,A3推力器电磁阀温度,A4推力器电磁阀温度,A5推力器电磁阀温度,A6推力器电磁阀温度,A7推力器电磁阀温度,A8推力器电磁阀温度,A1推力器头部温度,A2推力器头部温度,A3推力器头部温度,A4推力器头部温度,A5推力器头部温度,A6推力器头部温度,A7推力器头部温度,A8推力器头部温度,控制力矩陀螺1测温点,控制力矩陀螺2测温点,控制力矩陀螺3测温点,控制力矩陀螺4测温点,控制力矩陀螺5测温点,控制力矩陀螺6测温点,北斗短报文发射设备温度,北斗短报文接收设备温度,导航接收机A温度,导航接收机B温度,中继收发设备温度,星间通信接收机温度,图像数据路由器壁温,数传调制器1A壁温_R1,数传调制器1B壁温_R1,数传调制器2A壁温_R1,数传调制器2B壁温_R1,数传终端机温度,数传双工器1温度,数传双工器2温度,天线1X轴驱动组件温度1,天线1X轴驱动组件温度2,天线1X轴旋转关节温度1,天线1X轴旋转关节温度2,天线1Y轴驱动组件温度1,天线1Y轴驱动组件温度2,天线1Y轴旋转关节温度1,天线1Y轴旋转关节温度2,天线1压紧释放装置1温度,天线1压紧释放装置2温度,天线2X轴驱动组件温度1,天线2X轴驱动组件温度2,天线2X轴旋转关节温度1,天线2X轴旋转关节温度2,天线2Y轴驱动组件温度1,天线2Y轴驱动组件温度2,天线2Y轴旋转关节温度1,天线2Y轴旋转关节温度2,天线2压紧释放装置1温度,SMA中继相控阵T组件温度1,SMA中继相控阵T组件温度2,SMA中继相控阵电源温度1,SMA中继相控阵电源温度2
2021-06-26 12:41:36,21.61149,18.02852,23.88408,25.26584,17.08275,18.7375,18.7797,15.31437,55.25565,46.40523,56.88352,43.95473,48.19139,49.58272,51.2588,51.52837,1.82566,3.3741,1.82566,1.20323,3.68282,-0.99556,2.44617,1.82566,2.75582,-1.31288,9.862,-0.36357,8.61833,8.92855,9.23921,9.23921,9.23921,1.5147,-12.32071,-12.32071,-15.1598,-14.74389,-8.99319,-9.35336,-15.1598,-15.58081,-16.00714,-15.58081,-25.56624,15.02669,-11.95852,-11.95852,-10.82283,-11.5765,-14.33287,-14.33287,-15.58081,-16.00714,-23.25129,-17.25407,-17.70001,-17.25407,-18.15253
2021-06-26 12:42:59,21.61149,18.02852,23.88408,24.60321,17.08275,18.7375,18.7797,15.31437,55.81307,46.40523,56.88352,43.95473,48.19139,49.58272,51.2588,51.52837,1.82566,3.3741,1.82566,1.20323,3.68282,-0.99556,2.44617,1.82566,2.75582,-1.31288,9.862,-0.36357,8.92855,8.92855,9.55034,9.55034,9.23921,1.5147,-12.32071,-12.32071,-13.92652,-13.1271,-12.73367,-13.1271,-14.74389,-15.58081,-12.3442,-11.95852,-25.56624,15.68119,-13.52466,-13.1271,-13.1271,-13.52466,-14.74389,-14.33287,-11.5765,-11.5765,-23.25129,-17.25407,-17.25407,-17.25407,-17.70001
2021-06-26 12:45:08,21.61149,18.02852,23.88408,23.93526,17.08275,18.7375,18.7797,15.31437,55.81307,46.40523,56.88352,43.95473,48.19139,49.58272,51.2588,51.52837,1.82566,3.3741,1.82566,1.20323,3.68282,-0.99556,2.44617,1.82566,2.75582,-1.31288,9.862,-0.36357,8.92855,9.23921,9.55034,9.55034,9.55034,1.5147,-12.32071,-12.32071,-11.95852,-10.82283,-15.58081,-15.58081,-12.3442,-12.73367,-9.35336,-8.99319,-25.56624,17.34135,-14.74389,-14.33287,-14.74389,-15.58081,-12.73367,-12.3442,-10.45092,-10.82283,-23.80998,-16.8144,-17.25407,-17.25407,-17.70001
2021-06-26 12:47:16,21.61149,17.26832,23.88408,23.93526,17.08275,18.7375,18.7797,15.31437,55.81307,46.40523,56.31476,43.95473,48.19139,49.58272,51.2588,51.52837,1.82566,3.3741,1.82566,1.20323,3.68282,-0.99556,2.75582,1.82566,2.75582,-1.31288,9.862,-0.36357,9.23921,9.23921,9.862,9.862,9.862,1.5147,-12.32071,-12.32071,-10.82283,-9.7163,-9.7163,-9.7163,-10.82283,-11.5765,-14.33287,-14.74389,-25.56624,18.69753,-14.33287,-14.33287,-9.35336,-9.7163,-11.19798,-10.82283,-15.1598,-15.58081,-23.80998,-16.8144,-16.8144,-16.8144,-17.25407
2021-06-26 12:49:24,21.61149,17.26832,23.88408,23.26179,17.08275,18.7375,18.7797,15.31437,55.81307,46.40523,56.31476,43.95473,48.19139,49.58272,51.81619,52.09508,1.82566,3.3741,1.82566,1.20323,3.68282,-0.99556,2.75582,1.82566,2.75582,-0.99556,9.862,-0.36357,9.23921,9.55034,10.17421,9.862,9.862,1.5147,-12.32071,-12.32071,-9.7163,-8.63567,-13.92652,-13.92652,-9.7163,-10.45092,-14.33287,-13.92652,-24.96658,19.73341,-11.95852,-11.5765,-13.1271,-13.52466,-10.08211,-9.7163,-10.45092,-10.45092,-23.80998,-16.38071,-16.38071,-16.8144,-17.25407
2021-06-26 12:51:32,21.61149,17.26832,23.88408,22.58255,17.08275,18.7375,18.7797,15.31437,55.81307,46.40523,56.31476,44.53879,48.19139,50.14233,51.81619,52.09508,1.82566,3.3741,1.82566,1.20323,3.68282,-0.99556,2.75582,1.82566,2.75582,-0.99556,9.862,-0.36357,9.23921,9.55034,10.17421,10.17421,10.17421,1.5147,-12.32071,-12.32071,-11.95852,-11.19798,-16.00714,-16.00714,-13.1271,-13.52466,-9.7163,-9.7163,-24.96658,20.78718,-10.08211,-10.08211,-15.1598,-15.58081,-10.82283,-10.82283,-11.5765,-11.95852,-23.80998,-16.38071,-16.38071,-16.38071,-16.8144
2021-06-26 12:53:40,21.61149,17.26832,23.88408,22.58255,17.08275,18.7375,18.7797,16.05616,55.81307,46.40523,56.31476,44.53879,48.19139,50.14233,51.81619,52.09508,1.82566,3.3741,1.82566,1.20323,3.68282,-0.99556,2.75582,2.13613,3.06511,-0.99556,9.862,-0.36357,9.23921,9.862,10.48702,10.48702,10.17421,1.5147,-12.7071,-12.32071,-13.52466,-13.1271,-9.7163,-9.7163,-15.1598,-15.58081,-12.73367,-13.1271,-24.96658,21.86067,-10.45092,-10.82283,-9.35336,-9.7163,-13.1271,-13.1271,-15.1598,-15.58081,-24.38147,-15.95273,-15.95273,-16.38071,-16.38071
2021-06-26 12:55:06,21.61149,17.26832,23.88408,21.8973,17.08275,18.7375,18.7797,16.05616,55.81307,46.97362,56.31476,45.12136,48.19139,50.14233,51.81619,52.66178,1.82566,3.3741,1.82566,1.20323,3.68282,-0.99556,2.75582,2.13613,3.06511,-0.99556,9.862,-0.36357,9.23921,9.862,10.48702,10.48702,10.48702,1.5147,-12.7071,-12.32071,-14.74389,-13.92652,-13.52466,-13.92652,-14.33287,-15.1598,-16.00714,-16.43905,-24.96658,22.22321,-12.3442,-12.3442,-13.1271,-13.52466,-14.33287,-14.33287,-10.82283,-11.19798,-24.38147,-15.95273,-15.95273,-16.38071,-16.38071
2021-06-26 12:55:38,21.61149,17.26832,23.88408,21.8973,17.08275,18.7375,18.7797,16.05616,55.81307,46.97362,56.31476,45.12136,48.75276,50.14233,51.81619,52.66178,1.82566,3.3741,1.82566,1.20323,3.68282,-0.99556,2.75582,2.13613,3.06511,-0.99556,9.862,-0.36357,9.23921,9.862,10.48702,10.48702,10.48702,1.5147,-12.7071,-12.32071,-15.1598,-14.33287,-14.74389,-14.74389,-13.52466,-14.33287,-16.43905,-16.43905,-24.96658,22.58823,-12.73367,-12.73367,-13.92652,-14.33287,-14.74389,-14.74389,-10.08211,-10.08211,-24.38147,-15.53021,-15.95273,-16.38071,-16.38071
2021-06-26 12:56:10,21.61149,17.26832,23.88408,21.8973,17.08275,18.7375,18.7797,16.05616,55.81307,46.97362,56.31476,45.12136,48.75276,50.14233,51.81619,52.66178,1.82566,3.3741,1.82566,1.20323,3.68282,-0.99556,2.75582,2.13613,3.06511,-0.67914,9.862,-0.36357,9.23921,9.862,10.48702,10.48702,10.48702,1.5147,-12.7071,-12.32071,-15.1598,-14.33287,-15.1598,-15.1598,-13.1271,-13.52466,-14.74389,-14.33287,-24.96658,22.58823,-13.1271,-13.1271,-14.74389,-14.74389,-15.1598,-15.1598,-8.99319,-9.35336,-24.38147,-15.53021,-15.95273,-16.38071,-16.38071
2021-06-26 14:36:48,21.61149,18.02852,23.88408,15.41162,17.08275,18.7375,18.7797,15.31437,56.37117,47.54123,56.31476,44.53879,49.3138,51.2611,51.2588,52.09508,1.82566,3.3741,1.82566,1.20323,3.68282,-0.99556,2.75582,2.13613,2.75582,-0.99556,9.862,-0.36357,9.23921,9.55034,9.862,9.862,9.862,1.20323,-12.7071,-12.7071,-9.35336,-8.63567,-10.45092,-10.08211,-10.08211,-10.08211,-10.08211,-10.45092,-24.96658,19.04094,-10.45092,-10.82283,-10.82283,-10.82283,-10.45092,-10.45092,-10.82283,-10.45092,-23.25129,-20.03508,-20.03508,-20.03508,-20.03508
2021-06-26 14:37:20,21.61149,18.02852,23.88408,15.41162,17.08275,18.7375,18.7797,15.31437,56.37117,47.54123,56.31476,44.53879,49.3138,51.2611,51.2588,52.09508,1.82566,3.3741,1.82566,1.20323,3.68282,-0.99556,2.75582,2.13613,3.06511,-0.99556,9.862,-0.36357,9.23921,9.55034,9.862,9.862,9.862,1.20323,-12.7071,-12.7071,-9.7163,-9.35336,-9.35336,-8.99319,-10.82283,-10.82283,-11.95852,-12.3442,-24.96658,18.35593,-10.08211,-10.08211,-11.95852,-11.95852,-10.45092,-10.08211,-10.08211,-9.7163,-22.70464,-20.03508,-20.03508,-20.03508,-20.03508
2021-06-26 14:37:52,21.61149,18.02852,23.88408,15.41162,17.08275,18.7375,18.7797,15.31437,55.81307,47.54123,56.88352,44.53879,49.3138,51.2611,51.2588,52.09508,1.82566,3.3741,1.82566,1.20323,3.68282,-0.99556,2.75582,2.13613,3.06511,-0.99556,9.862,-0.36357,9.23921,9.55034,10.17421,9.862,9.862,1.20323,-12.7071,-12.7071,-10.08211,-9.7163,-10.82283,-10.82283,-11.19798,-11.5765,-13.52466,-13.92652,-24.96658,17.6779,-9.7163,-8.63567,-13.1271,-13.1271,-10.08211,-9.7163,-9.35336,-8.99319,-22.70464,-20.03508,-20.03508,-20.03508,-20.03508
2021-06-26 14:38:24,21.61149,18.02852,23.88408,15.41162,17.08275,18.7375,18.7797,15.31437,55.81307,47.54123,56.88352,44.53879,49.3138,51.2611,51.2588,52.09508,1.82566,3.3741,1.82566,1.20323,3.68282,-0.99556,2.75582,2.13613,3.06511,-0.99556,9.862,-0.36357,9.23921,9.55034,10.17421,10.17421,9.862,1.20323,-12.7071,-12.7071,-10.08211,-10.08211,-12.3442,-11.95852,-11.95852,-11.95852,-14.74389,-15.1598,-24.96658,17.34135,-9.35336,-7.9282,-13.52466,-13.92652,-9.7163,-9.7163,-8.99319,-8.63567,-22.70464,-20.03508,-20.03508,-20.03508,-20.03508
2021-06-26 14:38:56,21.61149,18.02852,23.88408,15.41162,17.80568,18.7375,18.7797,15.31437,55.81307,47.54123,56.88352,43.95473,49.3138,51.2611,51.2588,52.09508,1.82566,3.3741,1.82566,1.20323,3.68282,-0.99556,2.75582,2.13613,3.06511,-0.67914,9.862,-0.36357,9.23921,9.862,10.17421,10.17421,9.862,1.20323,-12.32071,-12.7071,-10.45092,-10.08211,-13.1271,-12.73367,-12.3442,-12.3442,-15.58081,-16.00714,-24.38147,16.67294,-8.63567,-9.35336,-14.33287,-14.33287,-10.08211,-10.08211,-10.82283,-10.82283,-22.70464,-20.03508,-20.03508,-20.03508,-20.03508
2021-06-26 14:39:28,21.61149,18.02852,23.88408,15.41162,17.80568,18.7375,18.7797,15.31437,55.81307,47.54123,57.45279,43.95473,49.3138,51.2611,51.81619,52.09508,1.82566,3.3741,1.82566,1.20323,3.68282,-0.99556,2.75582,2.13613,3.06511,-0.67914,9.862,-0.36357,9.23921,10.17421,10.17421,10.17421,10.17421,1.20323,-12.32071,-12.7071,-10.82283,-10.45092,-13.92652,-13.52466,-12.3442,-12.73367,-16.00714,-15.58081,-24.38147,16.34096,-8.63567,-10.08211,-14.74389,-14.74389,-10.82283,-10.82283,-12.3442,-12.3442,-22.16933,-20.03508,-20.03508,-20.03508,-20.03508
2021-06-26 14:40:00,21.61149,18.02852,23.88408,15.41162,17.80568,18.7375,18.7797,15.31437,55.25565,47.54123,57.45279,43.95473,49.3138,51.2611,51.81619,52.09508,1.82566,3.3741,1.82566,1.20323,3.68282,-0.99556,2.75582,2.13613,3.06511,-0.67914,9.862,-0.36357,9.23921,10.48702,10.17421,10.17421,10.17421,1.20323,-11.93805,-12.32071,-10.82283,-10.45092,-14.33287,-13.92652,-12.73367,-13.1271,-13.92652,-13.52466,-24.38147,15.68119,-8.63567,-10.45092,-15.1598,-15.1598,-11.5765,-11.5765,-13.52466,-13.92652,-22.16933,-20.03508,-20.03508,-20.03508,-20.52577
2021-06-26 14:40:32,21.61149,18.02852,23.88408,15.41162,17.80568,18.7375,18.7797,15.31437,55.25565,47.54123,58.02262,43.95473,49.3138,51.2611,51.81619,52.09508,1.82566,3.3741,1.82566,1.20323,3.68282,-0.99556,2.75582,2.13613,3.06511,-0.67914,9.862,-0.36357,9.23921,10.80047,10.17421,10.17421,10.17421,1.20323,-11.55896,-12.32071,-10.82283,-10.82283,-14.74389,-14.33287,-13.1271,-13.52466,-12.3442,-11.95852,-24.38147,15.35331,-8.63567,-10.08211,-14.74389,-14.74389,-11.95852,-11.95852,-14.74389,-14.74389,-22.16933,-20.03508,-20.03508,-20.03508,-20.52577
2021-06-26 14:41:04,21.61149,18.02852,23.88408,15.41162,17.80568,18.7375,18.7797,15.31437,55.25565,47.54123,58.02262,43.95473,49.3138,51.2611,51.81619,52.09508,1.82566,3.3741,1.82566,1.20323,3.68282,-0.99556,2.75582,2.13613,3.06511,-0.67914,9.862,-0.36357,9.23921,11.1146,10.17421,10.17421,10.17421,1.20323,-11.1833,-12.32071,-11.19798,-10.82283,-15.1598,-14.74389,-13.52466,-13.92652,-11.19798,-10.82283,-24.38147,14.70129,-8.63567,-10.08211,-12.73367,-12.73367,-12.3442,-12.3442,-15.58081,-15.58081,-22.16933,-20.03508,-20.03508,-20.03508,-20.52577
2021-06-26 14:41:36,21.61149,18.02852,23.88408,15.41162,17.80568,18.7375,18.7797,15.31437,54.69884,47.54123,58.02262,43.95473,49.3138,51.2611,51.81619,52.09508,1.82566,3.3741,1.82566,1.20323,3.68282,-0.99556,2.75582,2.13613,3.06511,-0.67914,9.862,-0.36357,9.23921,11.42944,10.48702,10.17421,10.17421,1.5147,-10.81094,-12.32071,-11.19798,-10.82283,-13.92652,-13.52466,-13.52466,-13.92652,-10.08211,-9.7163,-24.38147,14.37705,-8.63567,-9.35336,-10.82283,-10.82283,-12.73367,-12.73367,-15.1598,-15.1598,-22.16933,-20.03508,-20.03508,-20.03508,-20.52577
2021-06-26 14:42:08,21.61149,18.02852,23.88408,15.41162,17.80568,18.7375,18.7797,16.05616,54.69884,47.54123,58.5931,43.3691,49.3138,51.2611,51.81619,52.09508,1.82566,3.3741,1.82566,1.20323,3.68282,-0.99556,2.75582,2.13613,3.06511,-0.67914,9.862,-0.36357,9.23921,11.74505,10.48702,10.48702,10.17421,1.5147,-10.44175,-12.32071,-11.19798,-11.19798,-11.5765,-11.19798,-13.92652,-14.33287,-8.99319,-8.99319,-24.38147,13.73192,-8.63567,-8.99319,-9.7163,-9.7163,-13.1271,-13.1271,-13.52466,-13.1271,-22.16933,-20.03508,-20.03508,-20.03508,-20.52577
2021-06-26 14:42:40,21.61149,18.02852,23.88408,15.41162,17.80568,18.7375,18.7797,16.05616,54.69884,47.54123,58.5931,43.3691,49.3138,51.2611,51.81619,52.09508,1.82566,3.3741,1.82566,1.20323,3.68282,-0.99556,2.75582,2.13613,3.06511,-0.67914,9.862,-0.36357,9.23921,12.06146,10.48702,10.48702,10.17421,1.5147,-10.44175,-11.93805,-11.5765,-11.19798,-10.08211,-9.7163,-13.92652,-14.74389,-9.7163,-10.08211,-24.38147,13.41092,-8.99319,-8.99319,-10.08211,-10.08211,-13.52466,-13.52466,-11.95852,-11.5765,-22.16933,-20.03508,-20.03508,-20.52577,-20.52577
2021-06-26 14:43:12,21.61149,18.02852,23.88408,15.41162,17.80568,18.7375,18.7797,16.05616,54.14256,47.54123,58.5931,43.3691,49.3138,51.2611,51.81619,52.09508,1.82566,3.3741,1.82566,1.20323,3.68282,-0.99556,2.75582,2.13613,3.06511,-0.67914,9.862,-0.36357,9.23921,12.37872,10.48702,10.48702,10.48702,1.5147,-10.0756,-11.93805,-11.5765,-11.19798,-8.63567,-8.28071,-14.33287,-14.74389,-11.19798,-11.5765,-24.38147,13.09091,-8.99319,-8.99319,-11.5765,-11.5765,-13.92652,-13.52466,-10.45092,-10.08211,-21.64472,-20.03508,-20.03508,-20.52577,-20.52577
2021-06-26 14:45:02,21.61149,18.02852,23.88408,15.41162,17.80568,18.7375,18.7797,16.05616,54.14256,47.54123,59.16429,43.3691,49.3138,51.2611,51.81619,52.09508,1.82566,3.3741,1.82566,1.20323,3.68282,-0.99556,2.75582,2.13613,3.3741,-0.36357,9.862,-0.36357,9.23921,12.69687,10.48702,10.48702,10.48702,1.82566,-9.35197,-11.55896,-12.73367,-12.3442,-12.3442,-12.3442,-15.1598,-15.58081,-15.1598,-15.58081,-24.38147,12.13636,-12.3442,-12.3442,-13.92652,-14.33287,-14.74389,-14.74389,-10.08211,-10.08211,-22.16933,-20.03508,-20.03508,-20.52577,-20.52577
2021-06-26 14:45:58,21.61149,18.02852,23.88408,15.41162,17.80568,18.7375,18.7797,16.05616,54.14256,47.54123,58.5931,42.78179,49.3138,51.2611,51.81619,52.09508,1.82566,3.3741,1.82566,1.20323,3.68282,-0.99556,2.75582,2.13613,3.3741,-0.36357,9.862,-0.36357,9.23921,12.69687,10.48702,10.48702,10.17421,1.82566,-9.35197,-11.1833,-13.52466,-13.1271,-13.92652,-13.92652,-13.92652,-14.74389,-13.92652,-13.52466,-24.38147,12.77184,-13.1271,-13.1271,-15.1598,-15.1598,-15.1598,-15.1598,-12.3442,-12.73367,-22.70464,-19.55283,-20.03508,-20.52577,-20.52577
2021-06-26 14:48:06,21.61149,18.02852,23.88408,15.41162,17.80568,18.7375,18.7797,16.05616,54.14256,47.54123,58.02262,42.78179,49.3138,51.2611,52.37353,52.09508,1.82566,3.3741,2.13613,1.20323,3.68282,-0.99556,3.06511,2.13613,3.3741,-0.36357,9.862,-0.36357,9.23921,12.06146,10.48702,10.17421,10.17421,1.82566,-9.71238,-11.1833,-15.1598,-14.33287,-12.3442,-11.5765,-11.5765,-11.95852,-8.99319,-8.99319,-24.96658,15.35331,-14.33287,-14.33287,-9.7163,-9.7163,-13.52466,-13.1271,-15.58081,-16.00714,-23.25129,-19.55283,-20.03508,-20.52577,-20.52577
2021-06-26 14:50:14,21.61149,18.02852,23.88408,14.64942,17.80568,18.7375,18.7797,16.05616,54.14256,47.54123,58.02262,42.78179,49.3138,51.2611,52.37353,52.09508,1.82566,3.3741,2.13613,1.20323,3.68282,-0.99556,3.06511,1.82566,3.3741,-0.36357,9.862,-0.36357,9.23921,11.42944,10.17421,10.17421,10.17421,2.13613,-9.71238,-10.81094,-13.52466,-11.95852,-11.95852,-11.5765,-10.08211,-10.45092,-14.33287,-14.74389,-24.96658,17.34135,-15.58081,-15.58081,-13.92652,-13.92652,-11.5765,-11.19798,-10.45092,-10.45092,-23.25129,-19.55283,-19.55283,-20.52577,-20.52577
2021-06-26 14:52:22,21.61149,18.02852,23.88408,14.64942,17.80568,18.7375,18.7797,16.05616,54.69884,47.54123,57.45279,43.3691,49.3138,51.2611,52.37353,52.09508,2.13613,3.3741,2.13613,1.20323,3.68282,-0.99556,3.06511,1.82566,3.68282,-0.0488,9.862,-0.36357,9.23921,10.80047,10.17421,10.17421,10.17421,2.13613,-10.0756,-10.81094,-11.5765,-10.45092,-15.1598,-14.74389,-11.5765,-11.95852,-13.1271,-12.73367,-24.96658,19.04094,-13.1271,-12.73367,-11.95852,-11.95852,-10.45092,-10.08211,-11.95852,-12.3442,-23.80998,-19.55283,-19.55283,-20.52577,-20.03508
2021-06-26 14:53:19,21.61149,18.02852,24.54946,14.64942,17.80568,18.7375,18.7797,16.05616,54.69884,47.54123,57.45279,43.3691,49.3138,51.82041,52.37353,52.09508,2.13613,3.3741,2.13613,1.20323,3.68282,-0.99556,3.06511,1.82566,3.68282,-0.0488,9.862,-0.36357,9.23921,10.48702,10.17421,10.17421,9.862,2.13613,-10.0756,-10.81094,-11.19798,-9.7163,-11.5765,-11.19798,-12.73367,-13.1271,-10.82283,-10.82283,-24.96658,19.38621,-11.95852,-11.95852,-9.7163,-9.7163,-9.7163,-9.35336,-13.92652,-14.33287,-23.80998,-19.07857,-19.55283,-20.52577,-20.03508
2021-06-26 14:53:51,21.61149,18.02852,24.54946,14.64942,17.80568,18.7375,18.7797,16.05616,54.69884,47.54123,57.45279,43.3691,49.3138,51.82041,52.37353,52.66178,2.13613,3.3741,2.13613,1.20323,3.68282,-0.99556,3.06511,1.82566,3.68282,-0.0488,9.862,-0.36357,9.23921,10.48702,10.17421,10.17421,9.862,2.13613,-10.44175,-10.81094,-10.82283,-9.7163,-10.45092,-9.7163,-13.52466,-13.92652,-10.08211,-9.7163,-24.96658,19.73341,-11.5765,-11.19798,-8.99319,-8.99319,-9.7163,-9.35336,-15.1598,-15.58081,-23.80998,-19.07857,-19.55283,-20.52577,-20.03508
2021-06-27 10:14:54,21.61149,17.26832,23.21341,32.26111,17.08275,18.03386,18.01437,15.31437,55.25565,46.40523,54.61071,43.95473,47.62961,49.58272,50.7013,50.96157,1.82566,3.06511,1.5147,0.89118,3.68282,-1.31288,2.75582,2.13613,2.44617,-1.31288,9.55034,-0.67914,9.23921,9.23921,9.862,9.862,9.55034,1.20323,-12.32071,-12.32071,-10.08211,-8.99319,-13.1271,-13.1271,-11.95852,-12.73367,-10.08211,-10.82283,-25.56624,20.78718,-10.08211,-9.7163,-12.73367,-13.1271,-10.45092,-10.08211,-11.95852,-11.95852,-24.96658,-15.95273,-15.95273,-16.38071,-16.38071
2021-06-27 10:15:35,21.61149,17.26832,23.21341,30.40031,17.08275,18.03386,18.01437,15.31437,55.25565,46.40523,54.61071,43.95473,47.62961,49.58272,51.2588,51.52837,1.82566,3.06511,1.5147,0.89118,3.68282,-1.31288,2.75582,2.13613,2.75582,-1.31288,9.55034,-0.67914,9.23921,9.23921,9.862,9.862,9.862,1.20323,-12.32071,-12.32071,-10.82283,-10.08211,-10.82283,-10.45092,-13.1271,-13.52466,-12.73367,-13.1271,-25.56624,20.78718,-9.7163,-9.7163,-13.92652,-14.33287,-10.08211,-9.7163,-10.45092,-10.45092,-24.96658,-15.95273,-15.95273,-16.38071,-16.38071
2021-06-27 10:16:07,21.61149,17.26832,23.21341,29.77298,17.08275,18.03386,18.01437,15.31437,55.25565,46.40523,54.61071,44.53879,48.19139,49.58272,51.2588,51.52837,1.82566,3.06511,1.5147,0.89118,3.68282,-1.31288,2.75582,2.13613,2.75582,-1.31288,9.55034,-0.67914,9.23921,9.23921,9.862,9.862,9.862,1.20323,-12.32071,-12.32071,-11.5765,-10.82283,-9.7163,-9.35336,-13.52466,-13.92652,-13.92652,-14.74389,-25.56624,21.14273,-10.45092,-10.08211,-14.74389,-15.1598,-9.7163,-9.35336,-9.7163,-9.7163,-24.96658,-15.95273,-15.95273,-16.38071,-16.38071
2021-06-27 11:50:19,21.61149,18.02852,23.21341,16.90846,17.80568,18.7375,18.01437,14.56332,55.81307,47.54123,54.0432,43.3691,48.19139,50.70176,50.7013,50.96157,1.82566,3.3741,1.5147,0.89118,3.99131,-1.63114,2.75582,2.13613,2.13613,-1.95041,9.862,-0.99556,8.92855,8.30852,8.61833,8.61833,8.61833,0.89118,-13.09737,-13.09737,-14.33287,-13.92652,-14.33287,-14.74389,-15.1598,-15.58081,-9.35336,-9.35336,-26.18145,20.08259,-13.92652,-13.92652,-8.99319,-9.7163,-14.74389,-14.33287,-13.1271,-12.73367,-24.38147,-20.52577,-20.52577,-21.02535,-21.5343
2021-06-27 11:50:51,21.61149,18.02852,23.21341,16.90846,17.80568,18.7375,18.01437,14.56332,55.81307,47.54123,54.0432,43.3691,48.19139,50.70176,50.7013,50.96157,1.82566,3.3741,1.5147,0.89118,3.99131,-1.63114,2.75582,2.13613,2.13613,-1.63114,9.862,-0.99556,9.23921,8.30852,8.61833,8.61833,8.61833,0.89118,-13.09737,-13.09737,-13.92652,-13.1271,-14.74389,-15.1598,-14.33287,-14.74389,-11.5765,-11.95852,-26.18145,20.08259,-14.33287,-14.33287,-10.45092,-11.19798,-14.33287,-13.92652,-11.95852,-11.95852,-24.38147,-20.52577,-20.52577,-20.52577,-21.02535
2021-06-27 11:52:40,21.61149,18.02852,23.21341,16.90846,17.80568,18.7375,18.01437,14.56332,55.81307,47.54123,54.0432,43.3691,48.19139,50.70176,50.7013,50.96157,1.82566,3.3741,1.5147,0.89118,3.99131,-1.63114,2.75582,2.13613,2.44617,-1.63114,9.862,-0.99556,9.23921,8.30852,8.92855,8.92855,8.61833,1.20323,-13.09737,-13.09737,-11.95852,-11.19798,-10.08211,-10.08211,-12.3442,-12.73367,-14.74389,-14.33287,-26.18145,20.78718,-15.1598,-15.1598,-13.92652,-14.74389,-13.1271,-12.3442,-9.35336,-9.35336,-24.38147,-20.03508,-20.52577,-20.52577,-21.02535
2021-06-27 11:54:48,21.61149,18.02852,23.21341,16.16449,17.80568,18.7375,18.01437,14.56332,55.81307,47.54123,54.0432,43.3691,48.19139,50.70176,50.7013,50.96157,1.82566,3.3741,1.5147,1.20323,3.99131,-1.63114,2.75582,2.44617,2.44617,-1.63114,9.862,-0.67914,9.23921,8.61833,8.92855,8.92855,8.92855,1.20323,-13.09737,-13.09737,-10.82283,-9.7163,-13.1271,-13.52466,-10.82283,-11.19798,-10.45092,-10.08211,-26.18145,21.50053,-13.52466,-13.1271,-13.1271,-13.92652,-11.5765,-11.19798,-13.92652,-14.33287,-24.38147,-20.03508,-20.03508,-20.03508,-20.52577
2021-06-27 11:56:56,21.61149,18.02852,23.21341,16.16449,17.80568,18.7375,18.01437,15.31437,55.81307,47.54123,54.0432,43.3691,48.75276,50.70176,51.2588,51.52837,1.82566,3.3741,1.5147,1.20323,3.99131,-1.63114,2.75582,2.44617,2.44617,-1.63114,9.862,-0.67914,9.23921,8.61833,9.23921,9.23921,9.23921,1.20323,-13.09737,-13.09737,-9.7163,-8.63567,-15.58081,-15.58081,-9.7163,-10.08211,-11.19798,-11.95852,-25.56624,22.22321,-11.19798,-11.19798,-10.82283,-11.5765,-10.82283,-10.45092,-14.74389,-14.74389,-24.38147,-19.55283,-19.55283,-19.55283,-20.03508
2021-06-27 11:59:04,21.61149,18.02852,23.21341,16.16449,17.80568,18.7375,18.01437,15.31437,55.81307,47.54123,54.0432,43.3691,48.75276,50.70176,51.2588,51.52837,1.82566,3.3741,1.5147,1.20323,3.99131,-1.63114,2.75582,2.44617,2.44617,-1.63114,9.862,-0.67914,9.23921,8.92855,9.55034,9.55034,9.23921,1.20323,-13.09737,-13.09737,-11.5765,-10.82283,-9.35336,-9.35336,-12.73367,-13.1271,-16.43905,-16.87678,-25.56624,22.58823,-9.7163,-9.7163,-14.33287,-15.1598,-10.08211,-9.7163,-10.08211,-10.45092,-24.96658,-19.07857,-19.07857,-19.55283,-20.03508
2021-06-27 12:01:12,21.61149,18.02852,23.21341,16.16449,17.80568,18.7375,18.01437,15.31437,55.81307,47.54123,54.61071,43.95473,48.75276,51.2611,51.2588,52.09508,1.82566,3.3741,1.5147,1.20323,3.99131,-1.63114,2.75582,2.44617,2.44617,-1.31288,9.862,-0.67914,9.23921,9.23921,9.55034,9.55034,9.55034,1.20323,-13.09737,-13.09737,-13.52466,-12.73367,-13.92652,-13.92652,-14.74389,-15.1598,-11.5765,-11.19798,-25.56624,23.32604,-11.5765,-11.95852,-11.95852,-12.3442,-10.82283,-10.82283,-11.95852,-12.73367,-24.96658,-19.07857,-19.07857,-19.07857,-19.55283
2021-06-27 12:03:20,21.61149,18.02852,23.21341,16.16449,17.80568,18.7375,18.01437,15.31437,55.81307,47.54123,54.61071,43.95473,48.75276,51.2611,51.2588,52.09508,1.82566,3.3741,1.5147,1.20323,3.99131,-1.31288,3.06511,2.44617,2.75582,-1.31288,9.862,-0.67914,9.23921,9.23921,9.862,9.862,9.862,1.20323,-13.09737,-13.09737,-14.74389,-14.33287,-15.58081,-15.1598,-13.52466,-14.33287,-8.99319,-9.35336,-24.96658,23.69898,-13.52466,-13.52466,-12.3442,-12.73367,-13.52466,-13.52466,-16.00714,-16.43905,-24.96658,-18.61193,-18.61193,-18.61193,-19.07857
2021-06-27 12:05:28,21.61149,18.02852,23.21341,16.16449,17.80568,18.7375,18.01437,15.31437,56.37117,47.54123,54.61071,43.95473,49.3138,51.2611,51.2588,52.09508,1.82566,3.3741,1.5147,1.20323,3.99131,-1.31288,3.06511,2.44617,2.75582,-1.31288,9.862,-0.67914,9.23921,9.55034,10.17421,10.17421,9.862,1.20323,-13.09737,-13.09737,-14.33287,-13.1271,-10.08211,-10.08211,-11.5765,-11.95852,-15.1598,-15.58081,-24.96658,24.07474,-14.74389,-14.74389,-15.1598,-15.58081,-15.1598,-15.1598,-10.82283,-10.82283,-24.96658,-18.15253,-18.15253,-18.61193,-19.07857
2021-06-27 12:06:05,21.61149,18.02852,23.21341,16.16449,17.80568,18.7375,18.01437,15.31437,56.37117,47.54123,54.61071,43.95473,49.3138,51.2611,51.2588,52.09508,1.82566,3.3741,1.5147,1.20323,3.99131,-1.31288,3.06511,2.44617,2.75582,-0.99556,9.862,-0.67914,9.23921,9.55034,10.17421,10.17421,9.862,1.20323,-13.09737,-13.09737,-13.52466,-12.3442,-11.95852,-11.95852,-11.19798,-11.5765,-16.43905,-16.87678,-24.96658,24.4534,-15.1598,-15.1598,-16.00714,-16.00714,-15.58081,-15.58081,-9.7163,-9.7163,-24.96658,-18.15253,-18.15253,-18.61193,-18.61193
2021-06-27 12:06:37,21.61149,18.02852,23.21341,16.16449,17.80568,18.7375,18.01437,15.31437,56.37117,48.10815,54.61071,43.95473,49.3138,51.2611,51.2588,52.09508,1.82566,3.3741,1.5147,1.20323,3.99131,-1.31288,3.06511,2.44617,2.75582,-0.99556,9.862,-0.67914,9.23921,9.55034,10.17421,10.17421,10.17421,1.20323,-13.09737,-13.09737,-13.1271,-11.5765,-13.1271,-13.1271,-10.82283,-11.19798,-15.58081,-15.1598,-24.96658,24.4534,-14.74389,-14.74389,-14.33287,-14.74389,-15.58081,-15.1598,-10.82283,-11.19798,-24.96658,-18.15253,-18.15253,-18.61193,-18.61193
2021-06-27 13:45:42,22.32308,18.7794,23.21341,14.64942,18.52083,19.43406,18.01437,15.31437,56.37117,48.10815,54.61071,42.78179,49.3138,51.82041,51.2588,52.09508,2.13613,3.68282,1.5147,1.20323,3.99131,-1.63114,3.06511,2.44617,2.75582,-1.31288,10.17421,-0.67914,9.23921,8.92855,9.23921,9.23921,9.23921,1.20323,-12.7071,-12.7071,-14.74389,-13.92652,-13.1271,-13.1271,-10.08211,-10.45092,-16.43905,-16.87678,-25.56624,21.86067,-14.33287,-14.33287,-14.74389,-15.1598,-14.33287,-13.92652,-13.52466,-13.52466,-24.38147,-15.95273,-15.95273,-16.38071,-16.8144
2021-06-27 13:46:14,22.32308,18.7794,23.21341,14.64942,18.52083,19.43406,18.01437,15.31437,56.37117,48.10815,54.61071,42.78179,49.3138,51.82041,51.2588,52.09508,2.13613,3.68282,1.5147,1.20323,3.99131,-1.63114,3.06511,2.44617,2.75582,-1.31288,10.17421,-0.67914,9.23921,8.92855,9.23921,9.23921,9.23921,1.20323,-12.7071,-12.7071,-14.74389,-14.33287,-13.92652,-13.92652,-9.7163,-10.45092,-16.43905,-16.43905,-25.56624,21.86067,-14.33287,-14.33287,-15.1598,-15.58081,-14.74389,-14.33287,-11.95852,-12.3442,-24.38147,-15.95273,-15.95273,-15.95273,-16.38071
2021-06-27 13:47:58,22.32308,18.7794,23.21341,14.64942,18.52083,19.43406,18.7797,15.31437,56.37117,48.10815,54.61071,42.78179,49.87458,51.82041,51.2588,52.09508,2.13613,3.68282,1.5147,1.20323,3.99131,-1.63114,3.06511,2.44617,2.75582,-1.31288,10.17421,-0.67914,9.23921,8.92855,9.55034,9.55034,9.23921,1.20323,-12.7071,-12.7071,-14.33287,-13.52466,-15.58081,-15.58081,-11.19798,-11.95852,-11.95852,-11.5765,-25.56624,22.58823,-15.1598,-15.1598,-12.3442,-12.73367,-14.74389,-14.33287,-9.35336,-9.35336,-24.38147,-15.53021,-15.95273,-15.95273,-16.38071
2021-06-27 13:50:06,22.32308,18.7794,23.21341,14.64942,18.52083,19.43406,18.7797,15.31437,56.37117,48.10815,54.61071,42.78179,49.87458,51.82041,51.2588,52.09508,2.13613,3.68282,1.82566,1.20323,3.99131,-1.63114,3.06511,2.75582,2.75582,-0.99556,10.17421,-0.67914,9.55034,9.23921,9.55034,9.55034,9.55034,1.20323,-12.7071,-12.7071,-12.3442,-11.19798,-9.35336,-9.35336,-13.92652,-14.33287,-8.99319,-9.35336,-25.56624,22.95581,-13.1271,-12.73367,-12.3442,-12.73367,-12.73367,-12.3442,-15.1598,-15.58081,-24.96658,-15.53021,-15.53021,-15.53021,-15.95273
2021-06-27 13:52:14,22.32308,18.7794,23.21341,14.64942,18.52083,19.43406,18.7797,15.31437,56.93002,48.10815,54.61071,43.3691,49.87458,51.82041,51.81619,52.66178,2.13613,3.68282,1.82566,1.20323,3.99131,-1.63114,3.06511,2.75582,2.75582,-0.99556,10.17421,-0.67914,9.55034,9.23921,9.862,9.862,9.862,1.20323,-12.7071,-12.7071,-10.82283,-9.7163,-14.33287,-14.33287,-15.1598,-15.58081,-15.1598,-15.58081,-24.96658,23.32604,-11.19798,-10.82283,-14.74389,-15.1598,-11.5765,-11.19798,-13.1271,-13.1271,-24.96658,-15.11292,-15.11292,-15.53021,-15.95273
2021-06-27 13:54:22,22.32308,18.7794,23.21341,14.64942,18.52083,19.43406,18.7797,15.31437,56.93002,48.10815,54.61071,43.3691,49.87458,51.82041,51.81619,52.66178,2.13613,3.68282,1.82566,1.20323,3.99131,-1.63114,3.06511,2.75582,3.06511,-0.99556,10.17421,-0.67914,9.55034,9.55034,10.17421,10.17421,9.862,1.20323,-12.7071,-12.7071,-10.08211,-8.63567,-10.82283,-10.45092,-12.3442,-12.73367,-12.73367,-12.73367,-24.96658,24.07474,-9.7163,-9.7163,-10.45092,-10.45092,-10.82283,-10.45092,-9.35336,-9.7163,-24.96658,-14.70063,-15.11292,-15.53021,-15.53021
2021-06-27 13:55:33,22.32308,18.02852,23.21341,14.64942,18.52083,19.43406,18.7797,16.05616,56.93002,48.10815,55.17842,43.3691,49.87458,52.37978,51.81619,52.66178,2.13613,3.68282,1.82566,1.20323,3.99131,-1.63114,3.06511,2.75582,3.06511,-0.67914,10.17421,-0.67914,9.55034,9.55034,10.17421,10.17421,10.17421,1.20323,-12.7071,-12.7071,-10.08211,-8.99319,-10.82283,-10.82283,-11.19798,-11.95852,-10.45092,-10.45092,-24.96658,24.4534,-9.7163,-9.7163,-13.52466,-13.92652,-10.45092,-10.08211,-10.82283,-11.19798,-24.96658,-14.70063,-15.11292,-15.53021,-15.53021
2021-06-27 13:56:05,22.32308,18.7794,23.21341,14.64942,18.52083,19.43406,18.7797,16.05616,56.93002,48.10815,55.17842,43.3691,49.87458,52.37978,51.81619,52.66178,2.13613,3.68282,1.82566,1.20323,3.99131,-1.63114,3.06511,2.75582,3.06511,-0.67914,10.17421,-0.67914,9.55034,9.862,10.17421,10.17421,10.17421,1.20323,-12.7071,-12.7071,-10.82283,-10.08211,-12.3442,-12.3442,-10.82283,-11.5765,-9.7163,-9.7163,-24.96658,24.4534,-10.45092,-10.45092,-14.33287,-14.74389,-10.08211,-9.7163,-12.3442,-13.1271,-24.96658,-14.70063,-14.70063,-15.53021,-15.53021
2021-06-27 13:56:37,22.32308,18.7794,23.21341,14.64942,18.52083,19.43406,18.7797,16.05616,56.93002,48.10815,55.17842,43.95473,49.87458,52.37978,51.81619,52.66178,2.13613,3.68282,1.82566,1.20323,3.99131,-1.63114,3.06511,2.75582,3.06511,-0.67914,10.17421,-0.67914,9.55034,9.862,10.17421,10.17421,10.17421,1.20323,-13.09737,-12.7071,-11.5765,-10.82283,-13.52466,-13.52466,-10.45092,-11.19798,-8.99319,-8.99319,-24.96658,24.4534,-11.19798,-11.19798,-15.1598,-15.58081,-10.08211,-9.7163,-13.92652,-14.33287,-24.96658,-14.70063,-14.70063,-15.53021,-15.53021
2021-06-27 13:57:09,22.32308,18.02852,23.21341,14.64942,18.52083,19.43406,18.7797,16.05616,56.93002,48.10815,55.17842,43.95473,49.87458,52.37978,51.81619,53.22855,2.13613,3.68282,1.82566,1.20323,3.99131,-1.63114,3.06511,2.75582,3.06511,-0.67914,10.17421,-0.67914,9.55034,9.862,10.48702,10.17421,10.17421,1.20323,-13.09737,-12.7071,-11.95852,-11.19798,-14.74389,-14.33287,-10.45092,-10.82283,-8.99319,-9.35336,-24.96658,24.83506,-11.5765,-11.95852,-15.1598,-15.58081,-9.7163,-9.7163,-15.1598,-15.58081,-25.56624,-14.70063,-14.70063,-15.53021,-15.53021
2021-06-27 15:46:49,22.32308,18.02852,23.21341,13.87744,18.52083,19.43406,18.7797,16.05616,56.93002,48.10815,55.74642,43.95473,49.87458,52.37978,51.81619,52.66178,2.13613,3.68282,1.82566,1.20323,3.99131,-1.63114,3.3741,2.44617,3.06511,-0.67914,10.17421,-0.67914,8.61833,9.862,10.48702,10.48702,10.48702,1.20323,-12.7071,-12.7071,-8.63567,-8.63567,-14.33287,-14.33287,-10.45092,-10.45092,-11.5765,-11.5765,-24.96658,20.08259,-8.63567,-8.28071,-13.52466,-14.74389,-15.1598,-15.1598,-12.73367,-11.5765,-24.38147,-18.15253,-18.15253,-18.15253,-18.61193
2021-06-27 15:48:44,22.32308,18.02852,23.88408,13.87744,18.52083,19.43406,18.7797,16.05616,56.93002,48.10815,56.31476,43.95473,49.87458,52.37978,51.81619,52.66178,2.13613,3.68282,1.82566,1.20323,3.99131,-1.63114,3.3741,2.44617,3.06511,-0.67914,10.17421,-0.67914,8.61833,10.80047,10.48702,10.48702,10.48702,1.20323,-11.93805,-12.32071,-8.63567,-8.63567,-13.1271,-13.52466,-11.95852,-12.3442,-14.74389,-14.74389,-24.96658,17.34135,-9.35336,-8.99319,-13.52466,-15.1598,-14.74389,-14.33287,-8.28071,-7.57805,-23.25129,-18.61193,-18.61193,-18.61193,-19.07857
2021-06-27 15:50:52,22.32308,18.02852,23.88408,13.87744,18.52083,19.43406,18.7797,16.05616,56.37117,47.54123,56.88352,43.3691,49.3138,52.37978,51.81619,52.09508,2.13613,3.68282,1.82566,1.20323,3.99131,-1.63114,3.3741,2.44617,3.3741,-0.36357,10.17421,-0.67914,8.61833,11.74505,10.48702,10.48702,10.48702,1.20323,-10.81094,-12.32071,-7.9282,-8.28071,-11.5765,-11.95852,-12.73367,-12.73367,-11.19798,-10.45092,-24.38147,15.35331,-10.08211,-9.35336,-13.1271,-14.74389,-12.3442,-11.95852,-12.3442,-11.95852,-22.16933,-19.07857,-19.07857,-19.07857,-19.55283
2021-06-27 15:53:00,22.32308,18.02852,23.88408,13.87744,18.52083,19.43406,18.7797,16.05616,55.81307,46.97362,56.31476,42.78179,48.75276,51.82041,51.2588,51.52837,2.13613,3.68282,2.13613,1.20323,3.99131,-1.63114,3.3741,2.44617,3.3741,-0.36357,10.17421,-0.67914,8.61833,12.69687,10.48702,10.48702,10.17421,1.5147,-9.71238,-11.93805,-7.23018,-7.23018,-10.08211,-10.45092,-12.73367,-13.1271,-9.7163,-8.99319,-23.80998,13.73192,-9.7163,-9.35336,-12.3442,-13.92652,-10.45092,-10.08211,-14.33287,-13.92652,-20.6253,-19.55283,-19.55283,-19.55283,-20.03508
2021-06-27 15:55:08,22.32308,18.02852,23.88408,13.87744,18.52083,19.43406,18.7797,16.05616,54.69884,46.97362,55.74642,42.78179,48.19139,51.2611,50.7013,50.96157,2.13613,3.68282,2.13613,1.20323,3.99131,-1.63114,3.3741,2.44617,3.3741,-0.36357,10.17421,-0.67914,8.61833,13.33599,10.48702,10.17421,10.17421,1.5147,-8.28655,-11.1833,-5.85966,-6.19931,-8.28071,-9.35336,-12.73367,-13.1271,-10.82283,-9.7163,-23.80998,12.45367,-9.7163,-8.99319,-11.19798,-12.73367,-10.45092,-10.45092,-14.74389,-14.33287,-19.16308,-20.03508,-20.03508,-20.03508,-20.52577
2021-06-27 15:57:16,22.32308,18.02852,23.88408,13.87744,18.52083,19.43406,18.7797,16.05616,54.14256,46.40523,55.17842,42.1927,47.62961,50.14233,50.7013,50.39461,2.13613,3.3741,2.13613,1.20323,3.99131,-1.63114,3.3741,2.44617,3.3741,-0.36357,9.862,-0.67914,8.61833,13.9792,10.17421,10.17421,10.17421,1.82566,-7.58844,-10.81094,-4.51893,-5.52188,-7.57805,-8.28071,-12.73367,-13.1271,-10.45092,-8.99319,-23.80998,11.18914,-9.35336,-8.63567,-10.08211,-11.5765,-11.95852,-11.5765,-14.74389,-14.33287,-17.32062,-20.52577,-20.52577,-20.52577,-21.02535
2021-06-29 12:13:01,20.89271,18.02852,22.5372,13.09522,17.08275,18.03386,18.01437,14.56332,55.81307,46.40523,54.61071,41.60173,47.62961,50.14233,50.7013,50.96157,1.5147,2.75582,1.20323,0.57853,3.68282,-1.63114,2.75582,2.44617,2.13613,-1.63114,9.55034,-0.99556,10.80047,10.17421,10.48702,10.48702,10.48702,1.20323,-12.7071,-12.32071,-12.3442,-11.5765,-12.73367,-13.1271,-14.33287,-14.74389,-10.08211,-10.08211,-23.80998,21.14273,-13.52466,-13.1271,-15.1598,-15.58081,-14.74389,-14.33287,-14.33287,-15.1598,-23.25129,-15.95273,-15.95273,-15.95273,-16.38071
2021-06-29 12:15:09,20.89271,18.02852,22.5372,13.09522,17.08275,18.03386,18.01437,14.56332,55.81307,46.97362,54.61071,42.1927,47.62961,50.14233,50.7013,50.96157,1.5147,2.75582,1.20323,0.57853,3.68282,-1.63114,2.75582,2.75582,2.13613,-1.63114,9.55034,-0.99556,10.80047,9.862,10.48702,10.48702,10.17421,1.20323,-12.7071,-12.32071,-13.92652,-13.1271,-15.1598,-15.58081,-13.92652,-14.74389,-14.33287,-14.74389,-23.25129,21.86067,-11.19798,-10.82283,-9.7163,-10.08211,-14.74389,-14.74389,-13.92652,-13.92652,-23.25129,-15.53021,-15.95273,-15.95273,-16.38071
2021-06-29 12:16:56,21.61149,17.26832,22.5372,13.09522,17.08275,18.03386,18.01437,14.56332,55.81307,46.97362,54.61071,42.1927,47.62961,50.70176,50.7013,50.96157,1.82566,2.75582,1.20323,0.57853,3.68282,-1.63114,2.75582,2.75582,2.44617,-1.63114,9.55034,-0.99556,10.80047,9.862,10.17421,10.17421,10.17421,1.20323,-12.7071,-12.32071,-15.1598,-14.33287,-10.08211,-9.7163,-11.95852,-12.3442,-14.74389,-14.74389,-23.25129,22.95581,-10.08211,-9.7163,-12.73367,-13.1271,-13.1271,-12.73367,-9.35336,-9.7163,-23.25129,-15.53021,-15.53021,-15.95273,-15.95273
2021-06-29 12:17:28,21.61149,17.26832,22.5372,13.09522,17.08275,18.03386,18.01437,14.56332,55.81307,46.97362,54.61071,42.1927,47.62961,50.70176,50.7013,51.52837,1.82566,2.75582,1.20323,0.57853,3.68282,-1.63114,2.75582,2.75582,2.44617,-1.63114,9.55034,-0.99556,10.80047,9.862,10.17421,10.17421,10.17421,1.20323,-12.7071,-12.32071,-15.1598,-14.33287,-9.35336,-8.99319,-11.19798,-11.95852,-13.1271,-13.1271,-23.25129,22.95581,-9.7163,-9.35336,-13.52466,-13.92652,-12.73367,-12.3442,-8.63567,-8.99319,-23.25129,-15.53021,-15.53021,-15.95273,-15.95273
2021-06-29 14:07:33,20.89271,17.26832,22.5372,31.02401,16.35169,18.03386,18.01437,14.56332,56.37117,46.40523,54.61071,44.53879,48.19139,50.70176,50.7013,50.39461,1.5147,2.75582,1.5147,0.57853,3.3741,-1.63114,2.75582,2.13613,2.75582,-1.31288,9.55034,-0.99556,9.55034,9.862,10.17421,10.17421,10.17421,0.89118,-12.7071,-12.32071,-9.7163,-8.28071,-10.82283,-10.45092,-13.92652,-14.74389,-15.58081,-16.00714,-24.38147,21.50053,-10.08211,-10.08211,-14.33287,-14.33287,-11.19798,-10.82283,-12.73367,-12.73367,-23.80998,-14.70063,-14.70063,-15.11292,-15.11292
2021-06-29 14:08:17,20.89271,17.26832,22.5372,32.26111,16.35169,18.03386,18.01437,14.56332,56.37117,46.40523,54.61071,44.53879,48.19139,50.70176,50.7013,50.39461,1.5147,2.75582,1.5147,0.57853,3.3741,-1.63114,2.75582,2.13613,2.75582,-1.31288,9.55034,-0.99556,9.55034,9.862,10.17421,10.17421,10.17421,0.89118,-12.7071,-12.32071,-9.35336,-8.28071,-9.35336,-8.99319,-14.74389,-15.1598,-16.87678,-16.87678,-24.38147,21.86067,-9.7163,-9.35336,-11.95852,-11.95852,-10.82283,-10.45092,-11.19798,-11.5765,-24.38147,-14.29312,-14.70063,-15.11292,-15.11292
2021-06-29 14:10:25,20.89271,17.26832,22.5372,31.02401,16.35169,18.03386,18.01437,14.56332,56.37117,46.40523,54.61071,45.70255,48.19139,50.70176,50.7013,50.96157,1.5147,2.75582,1.5147,0.57853,3.3741,-1.63114,2.75582,2.13613,2.75582,-0.99556,9.55034,-0.99556,9.55034,9.55034,10.17421,10.17421,9.862,0.89118,-12.7071,-12.32071,-11.95852,-11.19798,-14.74389,-14.33287,-13.52466,-13.92652,-10.82283,-10.82283,-24.38147,22.95581,-11.95852,-11.95852,-12.73367,-13.1271,-10.45092,-10.08211,-9.35336,-9.35336,-24.38147,-14.29312,-14.70063,-15.11292,-15.11292
2021-06-29 14:12:33,20.89271,17.26832,23.21341,28.50678,16.35169,18.03386,18.01437,14.56332,56.37117,46.97362,54.61071,46.28244,48.75276,51.2611,50.7013,50.96157,1.82566,2.75582,1.5147,0.57853,3.3741,-1.63114,3.06511,2.13613,2.75582,-0.99556,9.55034,-0.99556,9.55034,9.55034,9.862,9.862,9.862,0.89118,-12.7071,-12.32071,-13.92652,-13.1271,-11.19798,-10.82283,-11.19798,-11.95852,-13.92652,-14.33287,-24.96658,23.69898,-13.92652,-13.92652,-14.74389,-15.1598,-10.08211,-9.7163,-15.58081,-16.00714,-24.38147,-14.29312,-14.29312,-15.11292,-15.11292
2021-06-29 14:14:41,20.89271,17.26832,23.21341,27.22406,17.08275,18.03386,18.01437,14.56332,56.37117,46.97362,55.17842,46.28244,48.75276,51.2611,51.2588,51.52837,1.82566,2.75582,1.5147,0.57853,3.3741,-1.63114,3.06511,2.13613,2.75582,-0.99556,9.55034,-0.99556,9.55034,9.23921,9.862,9.862,9.55034,0.89118,-12.7071,-12.7071,-15.1598,-14.33287,-9.7163,-9.7163,-10.08211,-10.45092,-11.5765,-11.5765,-24.96658,24.4534,-15.1598,-15.1598,-9.7163,-9.7163,-12.73367,-12.73367,-12.73367,-12.73367,-24.96658,-13.89021,-14.29312,-15.11292,-14.70063
2021-06-29 14:16:49,20.89271,17.26832,23.21341,26.57607,17.08275,18.03386,18.01437,14.56332,56.37117,46.97362,55.17842,46.86112,48.75276,51.82041,51.2588,51.52837,1.82566,2.75582,1.5147,0.57853,3.3741,-1.63114,3.06511,2.13613,2.75582,-0.99556,9.55034,-0.99556,9.55034,9.23921,9.55034,9.55034,9.55034,0.89118,-12.7071,-12.7071,-13.92652,-12.73367,-15.1598,-15.1598,-12.73367,-13.1271,-11.19798,-11.5765,-24.96658,24.83506,-13.92652,-13.52466,-13.52466,-13.92652,-14.74389,-14.74389,-9.35336,-9.35336,-24.96658,-13.89021,-14.29312,-15.11292,-14.70063
2021-06-29 14:18:57,21.61149,17.26832,23.21341,25.9234,17.08275,18.03386,18.01437,14.56332,56.37117,47.54123,55.17842,46.86112,49.3138,51.82041,51.2588,51.52837,1.82566,2.75582,1.5147,0.57853,3.68282,-1.63114,3.06511,2.44617,3.06511,-0.67914,9.55034,-0.99556,9.55034,8.92855,9.55034,9.55034,9.23921,0.89118,-12.7071,-12.7071,-12.3442,-10.82283,-10.45092,-10.08211,-14.74389,-15.1598,-13.52466,-13.1271,-25.56624,25.21979,-11.5765,-11.5765,-13.92652,-13.92652,-13.92652,-13.52466,-14.74389,-15.1598,-25.56624,-13.89021,-14.29312,-15.11292,-14.70063
2021-06-29 14:21:05,21.61149,17.26832,23.21341,25.26584,17.08275,18.7375,18.01437,14.56332,56.37117,47.54123,55.17842,46.86112,49.3138,51.82041,51.81619,52.09508,1.82566,2.75582,1.5147,0.57853,3.68282,-1.63114,3.3741,2.44617,3.06511,-0.67914,9.55034,-0.99556,9.55034,8.92855,9.23921,9.23921,9.23921,0.89118,-12.7071,-12.7071,-11.19798,-9.7163,-11.95852,-11.5765,-13.92652,-14.74389,-9.7163,-9.35336,-25.56624,25.60771,-10.45092,-10.08211,-9.7163,-9.7163,-12.3442,-11.95852,-11.19798,-11.19798,-25.56624,-13.49168,-13.89021,-14.70063,-14.70063
2021-06-29 14:23:13,21.61149,17.26832,23.21341,24.60321,17.08275,18.7375,18.01437,14.56332,56.37117,47.54123,55.17842,47.43869,49.3138,52.37978,51.81619,52.09508,1.82566,2.75582,1.5147,0.57853,3.68282,-1.63114,3.3741,2.44617,3.06511,-0.67914,9.55034,-0.99556,9.55034,8.61833,9.23921,9.23921,8.92855,0.89118,-12.7071,-12.7071,-10.45092,-8.99319,-16.43905,-16.00714,-11.95852,-12.3442,-15.58081,-15.58081,-25.56624,23.32604,-9.7163,-9.35336,-15.1598,-15.1598,-11.5765,-11.19798,-9.35336,-9.35336,-26.18145,-14.29312,-14.29312,-15.11292,-14.70063
2021-06-29 14:23:44,21.61149,17.26832,23.21341,24.60321,17.08275,18.7375,18.01437,14.56332,56.37117,47.54123,55.17842,47.43869,49.3138,52.37978,51.81619,52.09508,1.82566,2.75582,1.5147,0.57853,3.68282,-1.63114,3.3741,2.44617,3.06511,-0.67914,9.55034,-0.99556,9.55034,8.61833,9.23921,9.23921,8.92855,0.89118,-12.7071,-12.7071,-10.08211,-8.99319,-14.74389,-13.92652,-11.5765,-11.95852,-14.33287,-14.33287,-26.18145,22.22321,-10.08211,-9.7163,-13.92652,-13.92652,-11.19798,-11.19798,-11.5765,-11.5765,-26.18145,-14.29312,-14.29312,-15.11292,-14.70063
2021-06-29 14:24:16,21.61149,17.26832,23.21341,24.60321,17.08275,18.7375,18.01437,14.56332,56.37117,47.54123,54.61071,47.43869,49.3138,52.37978,51.81619,52.09508,1.82566,2.75582,1.5147,0.57853,3.68282,-1.63114,3.3741,2.44617,3.06511,-0.67914,9.55034,-0.99556,9.55034,8.61833,8.92855,8.92855,8.92855,0.89118,-12.7071,-12.7071,-10.08211,-8.63567,-12.73367,-12.3442,-11.5765,-11.95852,-13.1271,-12.73367,-26.18145,21.50053,-10.82283,-10.82283,-12.3442,-12.73367,-11.19798,-10.82283,-13.1271,-13.52466,-26.18145,-14.29312,-14.29312,-15.11292,-14.70063
2021-06-29 14:24:48,21.61149,17.26832,23.21341,23.93526,17.08275,18.7375,18.01437,14.56332,56.37117,47.54123,54.61071,46.86112,49.3138,52.37978,51.81619,51.52837,1.82566,2.75582,1.5147,0.57853,3.68282,-1.63114,3.3741,2.44617,3.06511,-0.67914,9.55034,-0.99556,9.55034,8.61833,8.92855,8.92855,8.92855,0.89118,-12.7071,-12.7071,-9.7163,-8.63567,-11.5765,-11.19798,-11.19798,-11.5765,-11.95852,-11.95852,-26.18145,20.78718,-11.19798,-11.19798,-11.19798,-11.5765,-11.19798,-10.82283,-14.74389,-15.1598,-26.18145,-14.29312,-14.29312,-14.70063,-14.70063
2021-06-29 16:03:08,20.89271,17.26832,23.21341,16.16449,17.08275,18.7375,18.01437,14.56332,55.81307,48.10815,54.61071,45.70255,49.3138,52.37978,51.81619,52.09508,1.82566,2.75582,1.5147,0.57853,3.68282,-1.63114,3.06511,2.13613,2.75582,-0.99556,9.55034,-1.31288,8.61833,9.23921,9.55034,9.55034,9.55034,0.89118,-13.09737,-13.09737,-10.08211,-8.63567,-14.33287,-14.33287,-9.7163,-10.08211,-12.73367,-13.1271,-25.56624,26.39352,-11.19798,-11.19798,-8.99319,-8.99319,-11.95852,-11.5765,-9.7163,-9.7163,-26.18145,-16.8144,-17.25407,-17.70001,-17.70001
2021-06-29 16:05:05,20.89271,17.26832,23.21341,16.16449,17.08275,18.7375,18.01437,14.56332,55.81307,48.10815,54.61071,45.70255,49.87458,52.37978,51.81619,52.09508,1.82566,2.75582,1.5147,0.57853,3.68282,-1.63114,3.06511,2.13613,2.75582,-0.99556,9.55034,-1.31288,8.61833,8.92855,9.55034,9.55034,9.23921,0.89118,-13.09737,-13.09737,-6.54089,-6.19931,-14.33287,-14.74389,-10.82283,-10.82283,-16.43905,-15.58081,-24.96658,24.07474,-7.57805,-6.54089,-11.95852,-13.52466,-10.45092,-10.45092,-12.3442,-11.95852,-24.96658,-17.25407,-17.25407,-17.70001,-17.70001
2021-06-29 16:07:13,20.89271,18.02852,23.21341,16.16449,17.08275,18.7375,18.01437,14.56332,55.81307,48.10815,54.61071,45.70255,49.87458,52.37978,51.81619,52.09508,1.82566,2.75582,1.5147,0.57853,3.68282,-1.63114,3.3741,2.13613,2.75582,-0.99556,9.55034,-1.31288,8.61833,8.92855,9.23921,9.23921,9.23921,0.89118,-13.09737,-13.09737,-5.85966,-5.85966,-13.1271,-13.52466,-11.95852,-11.95852,-9.7163,-8.63567,-24.38147,20.43383,-8.28071,-7.57805,-12.3442,-14.33287,-9.7163,-8.99319,-15.1598,-15.1598,-22.70464,-17.70001,-17.70001,-17.70001,-18.15253
2021-06-29 16:09:21,21.61149,18.02852,23.21341,16.16449,17.08275,18.7375,18.01437,14.56332,54.69884,47.54123,54.0432,45.12136,49.3138,51.82041,51.2588,51.52837,1.82566,2.75582,1.5147,0.57853,3.68282,-1.63114,3.3741,2.13613,3.06511,-0.67914,9.55034,-1.31288,8.61833,9.862,9.23921,9.23921,8.92855,0.89118,-11.93805,-12.7071,-8.63567,-8.63567,-13.1271,-12.73367,-12.73367,-13.1271,-11.19798,-11.19798,-23.80998,17.6779,-10.82283,-10.82283,-14.33287,-14.33287,-11.95852,-11.95852,-9.7163,-9.7163,-21.64472,-18.15253,-18.15253,-18.61193,-18.61193
2021-06-29 16:11:29,21.61149,18.02852,23.21341,16.16449,17.08275,18.7375,18.01437,14.56332,54.14256,46.97362,53.47582,44.53879,48.75276,51.2611,50.7013,50.96157,1.82566,2.75582,1.5147,0.57853,3.68282,-1.63114,3.3741,2.13613,3.06511,-0.67914,9.55034,-1.31288,8.61833,10.80047,8.92855,8.92855,8.92855,0.89118,-10.81094,-12.32071,-10.08211,-9.7163,-13.52466,-13.52466,-13.52466,-14.33287,-14.33287,-14.74389,-24.38147,15.68119,-12.73367,-12.73367,-13.52466,-13.52466,-13.92652,-14.33287,-13.1271,-13.52466,-22.16933,-18.61193,-18.61193,-19.07857,-19.07857
2021-06-29 16:13:37,21.61149,18.02852,23.21341,16.16449,17.08275,18.7375,18.01437,14.56332,53.58675,46.97362,52.34116,44.53879,48.19139,50.70176,50.1436,49.82742,1.82566,2.75582,1.5147,0.57853,3.68282,-1.63114,3.3741,2.13613,3.06511,-0.67914,9.55034,-1.31288,8.61833,11.42944,8.92855,8.92855,8.92855,1.20323,-9.35197,-11.93805,-10.45092,-10.08211,-13.52466,-13.92652,-13.92652,-14.74389,-13.52466,-13.1271,-24.38147,14.05395,-13.52466,-13.52466,-10.45092,-10.45092,-15.1598,-15.58081,-14.33287,-14.33287,-22.70464,-19.07857,-19.07857,-19.55283,-19.55283
2021-06-29 16:15:45,21.61149,18.02852,23.21341,16.16449,17.08275,18.7375,18.01437,14.56332,53.03132,46.40523,51.77373,43.95473,47.62961,50.14233,49.58565,49.25991,1.82566,2.75582,1.5147,0.57853,3.68282,-1.63114,3.3741,2.13613,3.06511,-0.67914,9.55034,-1.31288,8.61833,12.06146,8.92855,8.92855,8.92855,1.5147,-8.28655,-11.55896,-10.82283,-10.45092,-13.92652,-14.33287,-14.33287,-15.1598,-11.19798,-11.5765,-24.38147,12.77184,-14.33287,-14.33287,-13.92652,-14.33287,-13.92652,-13.92652,-10.08211,-9.7163,-22.70464,-19.55283,-19.55283,-20.03508,-20.03508
2021-06-29 16:17:53,21.61149,18.02852,23.21341,16.16449,17.08275,18.7375,18.01437,14.56332,51.92137,45.83599,51.20612,43.3691,47.06734,49.58272,49.02735,48.12365,1.82566,2.75582,1.82566,0.57853,3.68282,-1.63114,3.3741,2.13613,3.06511,-0.67914,9.55034,-1.31288,8.30852,11.74505,8.92855,8.92855,8.92855,1.5147,-8.63916,-11.1833,-12.73367,-11.95852,-15.1598,-15.1598,-15.58081,-16.00714,-15.58081,-15.58081,-24.96658,11.81986,-14.33287,-13.92652,-12.3442,-12.3442,-12.3442,-11.95852,-15.1598,-15.1598,-23.80998,-20.03508,-20.03508,-20.52577,-20.52577
2021-06-29 16:18:25,21.61149,18.02852,23.21341,16.16449,17.08275,18.7375,18.01437,14.56332,51.92137,45.83599,51.20612,43.3691,47.06734,49.02288,49.02735,48.12365,1.82566,2.75582,1.82566,0.57853,3.68282,-1.63114,3.3741,2.13613,3.06511,-0.67914,9.55034,-1.31288,8.61833,11.42944,8.92855,8.92855,8.92855,1.82566,-8.63916,-10.81094,-13.1271,-12.3442,-13.92652,-13.1271,-14.74389,-15.58081,-14.74389,-13.92652,-24.96658,11.81986,-13.52466,-13.1271,-11.19798,-11.19798,-12.3442,-11.95852,-16.00714,-16.00714,-23.80998,-20.03508,-20.03508,-21.02535,-20.52577
2021-06-29 16:18:57,21.61149,18.02852,23.21341,15.41162,17.08275,18.7375,18.01437,14.56332,51.92137,45.83599,51.20612,43.3691,46.50451,49.02288,49.02735,48.12365,1.82566,2.75582,1.82566,0.57853,3.68282,-1.63114,3.3741,1.82566,3.06511,-0.99556,9.23921,-1.31288,8.61833,11.1146,8.92855,8.92855,8.92855,1.82566,-8.63916,-10.81094,-13.52466,-12.73367,-11.5765,-11.19798,-13.92652,-14.33287,-13.1271,-12.3442,-24.96658,11.50414,-13.1271,-12.73367,-10.08211,-10.08211,-11.95852,-11.5765,-16.87678,-16.87678,-23.80998,-20.03508,-20.52577,-21.02535,-21.02535
2021-06-29 17:49:42,20.16644,17.26832,22.5372,13.87744,16.35169,18.03386,18.01437,13.80258,55.25565,47.54123,54.0432,43.95473,48.75276,51.2611,51.2588,51.52837,1.5147,2.44617,1.20323,0.57853,3.3741,-1.95041,3.06511,1.82566,2.44617,-1.31288,9.23921,-1.31288,7.99906,9.862,10.48702,10.48702,10.48702,0.89118,-13.09737,-13.09737,-11.95852,-10.45092,-11.19798,-11.19798,-10.08211,-10.45092,-14.74389,-15.1598,-24.96658,26.39352,-9.7163,-9.35336,-15.58081,-16.00714,-11.5765,-11.19798,-16.43905,-16.87678,-26.18145,-14.29312,-13.49168,-15.11292,-15.11292
2021-06-29 17:50:14,20.16644,17.26832,22.5372,13.87744,16.35169,18.03386,18.01437,13.80258,55.25565,47.54123,54.0432,43.95473,48.75276,51.2611,51.2588,51.52837,1.5147,2.44617,1.20323,0.57853,3.3741,-1.95041,3.06511,1.82566,2.44617,-1.31288,9.23921,-1.31288,7.99906,9.862,10.48702,10.48702,10.48702,0.89118,-13.09737,-13.09737,-10.08211,-8.63567,-11.5765,-12.73367,-9.7163,-10.45092,-16.00714,-15.58081,-24.96658,25.99892,-8.99319,-7.9282,-13.1271,-14.74389,-11.19798,-10.82283,-16.00714,-15.58081,-25.56624,-14.29312,-14.29312,-14.70063,-14.70063
2021-06-29 17:50:46,20.16644,17.26832,22.5372,13.87744,16.35169,18.03386,18.01437,13.80258,55.25565,47.54123,54.0432,43.95473,48.75276,51.82041,51.2588,51.52837,1.5147,2.44617,1.20323,0.57853,3.3741,-1.95041,3.06511,1.82566,2.44617,-1.31288,9.23921,-1.31288,7.99906,9.862,10.48702,10.48702,10.48702,0.89118,-13.09737,-13.09737,-8.28071,-7.23018,-11.5765,-13.1271,-9.35336,-9.7163,-16.87678,-16.00714,-24.38147,25.21979,-8.63567,-7.57805,-10.82283,-12.3442,-10.45092,-10.08211,-14.33287,-13.92652,-25.56624,-14.70063,-14.70063,-14.70063,-15.11292
2021-06-29 17:51:18,20.89271,17.26832,22.5372,13.87744,16.35169,18.03386,18.01437,13.80258,55.25565,47.54123,54.0432,43.95473,48.75276,51.82041,51.2588,51.52837,1.5147,2.44617,1.5147,0.57853,3.3741,-1.95041,3.06511,1.82566,2.44617,-1.31288,9.23921,-1.31288,7.99906,9.862,10.48702,10.48702,10.48702,0.89118,-13.09737,-13.09737,-7.57805,-7.23018,-11.95852,-13.52466,-10.08211,-10.08211,-15.58081,-14.33287,-24.38147,24.07474,-8.63567,-7.57805,-8.63567,-10.08211,-9.7163,-9.35336,-12.73367,-12.3442,-24.96658,-14.70063,-14.70063,-14.70063,-15.11292
2021-06-30 09:35:14,20.89271,18.02852,22.5372,13.87744,17.80568,18.7375,17.2392,13.80258,54.69884,46.97362,52.9085,42.78179,48.75276,50.70176,50.1436,50.39461,1.82566,2.75582,0.89118,0.26521,3.68282,-2.59216,2.75582,1.82566,1.82566,-2.27073,9.55034,-1.63114,7.99906,9.23921,9.55034,9.55034,9.55034,0.26521,-13.09737,-13.09737,-14.74389,-14.33287,-9.35336,-8.99319,-12.73367,-13.52466,-12.3442,-12.73367,-25.56624,22.95581,-13.92652,-13.92652,-11.95852,-12.3442,-13.1271,-12.73367,-11.5765,-11.5765,-24.96658,-15.95273,-15.95273,-15.95273,-16.38071
2021-06-30 09:35:46,20.89271,18.02852,22.5372,13.87744,17.80568,18.7375,17.2392,13.80258,54.69884,46.97362,52.9085,42.78179,48.75276,50.70176,50.1436,50.39461,1.82566,2.75582,0.89118,0.26521,3.68282,-2.59216,2.75582,1.82566,1.82566,-2.27073,9.55034,-1.63114,7.99906,9.23921,9.55034,9.55034,9.55034,0.26521,-13.09737,-13.09737,-15.1598,-14.74389,-10.45092,-10.82283,-12.3442,-12.73367,-13.92652,-14.33287,-25.56624,22.95581,-14.33287,-14.33287,-13.1271,-13.52466,-12.73367,-12.3442,-10.45092,-10.82283,-24.96658,-15.95273,-15.95273,-15.95273,-16.38071
2021-06-30 09:36:18,20.89271,18.02852,22.5372,13.87744,17.80568,18.7375,17.2392,13.80258,54.69884,46.97362,52.9085,42.78179,48.75276,50.70176,50.1436,50.39461,1.82566,2.75582,0.89118,0.26521,3.68282,-2.59216,2.75582,1.82566,1.82566,-2.27073,9.55034,-1.63114,7.99906,9.23921,9.862,9.862,9.55034,0.26521,-13.09737,-13.09737,-15.1598,-14.74389,-11.95852,-12.3442,-11.95852,-12.3442,-15.1598,-15.58081,-24.96658,22.95581,-14.74389,-14.74389,-13.92652,-14.33287,-12.3442,-11.95852,-9.7163,-10.08211,-25.56624,-15.95273,-15.95273,-15.95273,-16.38071
2021-06-30 09:36:50,20.89271,18.02852,22.5372,13.87744,17.80568,18.7375,17.2392,13.80258,54.69884,46.97362,52.9085,42.78179,48.75276,50.70176,50.1436,50.96157,1.82566,2.75582,0.89118,0.26521,3.68282,-2.59216,2.75582,1.82566,1.82566,-1.95041,9.55034,-1.63114,7.99906,9.23921,9.862,9.862,9.55034,0.26521,-13.09737,-13.09737,-15.1598,-14.33287,-13.1271,-13.52466,-11.5765,-11.95852,-16.00714,-16.43905,-24.96658,23.32604,-14.74389,-14.74389,-14.74389,-15.1598,-11.95852,-11.95852,-9.35336,-9.35336,-25.56624,-15.53021,-15.95273,-15.95273,-16.38071
2021-06-30 09:37:22,20.89271,18.02852,22.5372,13.87744,17.80568,18.7375,17.2392,13.80258,54.69884,47.54123,52.9085,43.3691,48.75276,50.70176,50.1436,50.96157,1.82566,2.75582,0.89118,0.26521,3.68282,-2.59216,2.75582,1.82566,1.82566,-1.95041,9.55034,-1.63114,7.99906,9.23921,9.862,9.862,9.55034,0.26521,-13.09737,-13.09737,-14.33287,-13.52466,-13.92652,-14.33287,-11.19798,-11.5765,-16.87678,-16.87678,-24.96658,23.32604,-15.1598,-15.1598,-15.1598,-15.58081,-11.95852,-11.5765,-8.99319,-9.35336,-25.56624,-15.53021,-15.53021,-15.95273,-16.38071
2021-06-30 09:37:54,20.89271,18.02852,22.5372,13.87744,17.80568,18.7375,17.2392,13.80258,54.69884,47.54123,52.9085,43.3691,48.75276,50.70176,50.7013,50.96157,1.82566,2.75582,0.89118,0.26521,3.68282,-2.59216,2.75582,1.82566,1.82566,-1.95041,9.55034,-1.63114,7.99906,9.23921,9.862,9.862,9.862,0.26521,-13.09737,-13.09737,-13.92652,-12.73367,-14.74389,-14.74389,-10.82283,-11.19798,-15.1598,-14.74389,-24.96658,23.32604,-15.1598,-15.58081,-15.58081,-16.00714,-11.5765,-11.19798,-10.82283,-11.5765,-25.56624,-15.53021,-15.53021,-15.53021,-15.95273
2021-06-30 11:12:29,20.89271,18.02852,22.5372,13.87744,17.80568,18.7375,17.2392,13.80258,54.14256,46.40523,54.61071,42.1927,48.19139,49.58272,49.58565,49.82742,1.82566,3.06511,0.89118,0.57853,3.99131,-2.59216,2.75582,1.5147,1.5147,-2.59216,9.55034,-1.63114,7.99906,8.30852,8.92855,8.92855,8.61833,0.26521,-12.7071,-12.7071,-11.19798,-10.45092,-12.73367,-12.3442,-15.1598,-15.58081,-10.82283,-10.82283,-25.56624,16.67294,-12.3442,-13.92652,-11.95852,-11.95852,-10.82283,-10.45092,-13.92652,-13.92652,-23.80998,-21.02535,-21.02535,-20.52577,-21.5343
2021-06-30 11:13:01,20.89271,18.02852,22.5372,13.87744,17.80568,18.7375,17.2392,13.80258,54.14256,46.40523,54.61071,41.60173,48.19139,49.58272,49.58565,49.82742,1.82566,3.06511,0.89118,0.57853,3.99131,-2.59216,2.75582,1.5147,1.5147,-2.59216,9.55034,-1.63114,7.99906,8.30852,8.92855,8.92855,8.92855,0.26521,-12.7071,-12.7071,-10.45092,-9.7163,-13.52466,-13.52466,-15.58081,-16.00714,-10.45092,-10.08211,-24.96658,16.34096,-14.33287,-14.74389,-12.73367,-13.1271,-11.5765,-11.19798,-15.1598,-15.1598,-23.80998,-21.02535,-21.02535,-20.52577,-21.5343
2021-06-30 11:15:01,20.89271,18.02852,22.5372,13.87744,17.80568,18.7375,17.2392,13.80258,54.69884,46.40523,55.17842,41.60173,48.19139,49.02288,49.58565,49.82742,1.82566,2.75582,0.89118,0.57853,3.68282,-2.59216,2.75582,1.82566,1.5147,-2.27073,9.55034,-1.63114,8.61833,8.61833,8.92855,8.92855,8.92855,0.26521,-12.7071,-13.09737,-10.45092,-9.7163,-15.58081,-15.58081,-13.1271,-13.52466,-12.3442,-12.73367,-24.96658,17.00639,-14.33287,-14.33287,-14.74389,-15.1598,-13.52466,-13.52466,-10.08211,-10.08211,-23.80998,-20.52577,-20.52577,-20.52577,-21.02535
2021-06-30 11:17:09,20.89271,18.02852,22.5372,13.87744,17.80568,18.7375,17.2392,13.80258,54.69884,46.40523,54.61071,41.60173,48.19139,49.02288,50.1436,49.82742,1.82566,2.75582,0.89118,0.57853,3.68282,-2.59216,2.75582,1.82566,1.5147,-2.27073,9.55034,-1.63114,8.61833,8.92855,9.23921,9.23921,9.23921,0.26521,-12.7071,-13.09737,-12.3442,-11.95852,-8.99319,-8.99319,-11.19798,-11.5765,-13.1271,-12.73367,-24.96658,18.69753,-11.95852,-11.5765,-11.5765,-11.95852,-15.1598,-14.74389,-11.5765,-11.95852,-23.80998,-20.03508,-20.52577,-20.03508,-21.02535
2021-06-30 11:19:17,21.61149,18.02852,22.5372,13.87744,17.80568,18.7375,17.2392,13.80258,54.69884,46.40523,54.61071,42.1927,48.19139,49.02288,50.1436,49.82742,1.82566,2.75582,0.89118,0.57853,3.68282,-2.59216,2.75582,1.82566,1.82566,-2.27073,9.55034,-1.31288,8.92855,8.92855,9.55034,9.55034,9.23921,0.26521,-12.7071,-13.09737,-13.92652,-13.52466,-13.52466,-13.92652,-10.08211,-10.45092,-9.7163,-10.08211,-24.38147,19.73341,-10.08211,-9.7163,-11.5765,-12.3442,-14.74389,-14.33287,-15.1598,-15.58081,-24.38147,-20.03508,-20.03508,-19.55283,-20.52577
2021-06-30 11:21:25,21.61149,18.02852,22.5372,13.87744,17.80568,18.7375,17.2392,13.80258,54.69884,46.40523,54.61071,42.1927,48.19139,49.58272,50.1436,50.39461,1.82566,2.75582,0.89118,0.57853,3.68282,-2.59216,2.75582,1.82566,1.82566,-2.27073,9.55034,-1.31288,8.92855,9.23921,9.55034,9.55034,9.55034,0.26521,-12.7071,-13.09737,-15.1598,-14.33287,-14.33287,-14.33287,-11.95852,-12.3442,-15.58081,-16.00714,-24.38147,20.78718,-10.82283,-10.82283,-14.33287,-15.1598,-12.3442,-11.95852,-9.35336,-9.7163,-24.38147,-19.55283,-19.55283,-19.55283,-20.03508
2021-06-30 11:23:23,21.61149,18.02852,22.5372,13.87744,17.80568,18.7375,17.2392,14.56332,54.69884,46.40523,54.61071,42.1927,48.19139,49.58272,50.1436,50.39461,1.82566,3.06511,0.89118,0.57853,3.68282,-2.59216,2.75582,1.82566,1.82566,-2.27073,9.55034,-1.31288,8.92855,9.23921,9.862,9.862,9.862,0.26521,-12.7071,-13.09737,-13.52466,-12.73367,-9.35336,-9.35336,-13.92652,-14.74389,-13.52466,-12.73367,-23.80998,21.14273,-11.19798,-11.95852,-14.74389,-15.1598,-10.82283,-10.45092,-12.3442,-12.73367,-23.80998,-19.55283,-19.55283,-19.07857,-19.55283
2021-06-30 11:25:31,21.61149,18.02852,22.5372,13.87744,17.80568,18.7375,17.2392,14.56332,55.25565,46.40523,55.17842,42.78179,48.19139,49.58272,50.1436,50.39461,1.82566,2.75582,0.89118,0.57853,3.68282,-2.59216,2.75582,1.82566,1.82566,-1.95041,9.55034,-1.31288,8.92855,9.55034,9.862,9.862,9.862,0.26521,-12.7071,-12.7071,-10.08211,-9.35336,-13.92652,-13.92652,-14.74389,-14.74389,-9.35336,-8.99319,-23.80998,19.73341,-10.82283,-11.5765,-10.08211,-10.08211,-9.7163,-9.7163,-14.33287,-13.92652,-23.25129,-19.55283,-19.55283,-19.55283,-19.55283
2021-06-30 11:27:32,21.61149,18.02852,22.5372,13.87744,17.80568,18.7375,17.2392,14.56332,55.81307,46.97362,55.74642,42.78179,48.75276,50.14233,50.7013,50.39461,1.82566,3.06511,1.20323,0.57853,3.68282,-2.59216,2.75582,1.82566,1.82566,-1.95041,9.55034,-1.31288,8.92855,9.862,10.17421,10.17421,10.17421,0.26521,-12.7071,-12.7071,-9.7163,-9.35336,-13.52466,-12.73367,-15.1598,-15.58081,-13.1271,-13.1271,-23.25129,17.6779,-12.73367,-12.73367,-13.92652,-13.92652,-11.95852,-11.95852,-9.35336,-8.99319,-22.70464,-19.55283,-19.55283,-19.55283,-19.55283
2021-06-30 11:28:04,21.61149,18.02852,22.5372,13.87744,17.80568,18.7375,18.01437,14.56332,55.81307,46.97362,56.31476,42.1927,48.75276,50.14233,50.7013,50.39461,1.82566,2.75582,1.20323,0.57853,3.68282,-2.59216,2.75582,1.82566,1.82566,-1.95041,9.55034,-1.31288,8.92855,10.17421,10.17421,10.17421,10.17421,0.26521,-12.32071,-12.7071,-10.08211,-9.7163,-11.5765,-10.82283,-15.1598,-15.58081,-13.92652,-14.33287,-23.25129,17.00639,-13.1271,-13.1271,-14.33287,-14.33287,-12.3442,-12.3442,-8.63567,-8.28071,-22.70464,-19.55283,-19.55283,-19.55283,-19.55283
2021-06-30 11:28:36,21.61149,18.02852,22.5372,13.87744,17.80568,18.7375,18.01437,14.56332,55.81307,46.97362,56.31476,42.1927,48.75276,50.14233,50.7013,50.39461,1.82566,3.06511,1.20323,0.57853,3.68282,-2.59216,2.75582,1.82566,1.82566,-1.95041,9.55034,-1.31288,8.92855,10.48702,10.17421,10.17421,10.17421,0.26521,-11.93805,-12.7071,-10.45092,-10.08211,-9.7163,-8.99319,-14.33287,-14.74389,-15.1598,-15.1598,-23.25129,16.67294,-13.52466,-13.52466,-14.74389,-14.74389,-12.73367,-12.73367,-10.08211,-10.08211,-22.70464,-19.55283,-19.55283,-19.55283,-19.55283
2021-06-30 11:29:08,21.61149,18.02852,22.5372,13.87744,17.80568,18.7375,18.01437,14.56332,55.25565,46.97362,56.31476,42.1927,48.75276,50.14233,50.7013,50.39461,1.82566,2.75582,1.20323,0.57853,3.68282,-2.27073,2.75582,1.82566,1.82566,-1.95041,9.55034,-1.31288,8.92855,11.1146,10.17421,10.17421,10.17421,0.26521,-11.55896,-12.7071,-10.45092,-10.45092,-8.63567,-8.28071,-13.1271,-13.52466,-15.58081,-15.58081,-23.25129,16.01039,-13.52466,-13.52466,-15.1598,-15.1598,-12.73367,-13.1271,-11.5765,-11.5765,-22.70464,-19.55283,-19.55283,-19.55283,-19.55283
2021-06-30 11:29:40,21.61149,18.02852,22.5372,13.87744,17.80568,18.7375,18.01437,14.56332,55.25565,46.97362,56.88352,42.1927,48.75276,50.14233,50.7013,50.39461,1.82566,2.75582,1.20323,0.57853,3.68282,-2.27073,2.75582,1.82566,2.13613,-1.95041,9.55034,-1.31288,8.92855,11.42944,10.17421,10.17421,10.17421,0.57853,-11.1833,-12.7071,-10.82283,-10.45092,-10.08211,-9.7163,-12.3442,-12.73367,-13.92652,-13.52466,-23.25129,15.68119,-13.92652,-13.92652,-12.73367,-13.1271,-13.1271,-13.1271,-12.73367,-13.1271,-22.70464,-19.55283,-19.55283,-19.55283,-19.55283
2021-06-30 11:30:12,21.61149,18.02852,22.5372,13.87744,17.80568,18.7375,18.01437,14.56332,55.25565,46.97362,56.88352,42.1927,48.75276,50.14233,50.7013,50.39461,1.82566,2.75582,1.20323,0.57853,3.68282,-2.27073,3.06511,1.82566,2.13613,-1.95041,9.55034,-1.31288,8.92855,11.74505,10.48702,10.48702,10.17421,0.57853,-11.1833,-12.32071,-10.82283,-10.82283,-11.19798,-11.19798,-11.5765,-11.95852,-12.3442,-11.95852,-23.25129,15.02669,-13.92652,-13.92652,-11.19798,-11.19798,-13.52466,-13.52466,-13.92652,-13.92652,-22.70464,-19.55283,-19.55283,-19.55283,-20.03508
2021-06-30 11:30:44,21.61149,18.02852,22.5372,13.87744,17.80568,18.7375,18.01437,14.56332,55.25565,46.97362,56.88352,42.1927,48.75276,50.14233,50.7013,50.39461,1.82566,3.06511,1.20323,0.57853,3.68282,-2.27073,3.06511,1.82566,2.13613,-1.95041,9.55034,-1.31288,8.92855,12.06146,10.48702,10.48702,10.17421,0.57853,-10.81094,-12.32071,-11.19798,-10.82283,-12.3442,-11.95852,-11.19798,-11.5765,-10.82283,-10.45092,-23.25129,14.70129,-14.33287,-14.33287,-9.7163,-9.7163,-13.92652,-13.92652,-14.74389,-14.74389,-22.70464,-19.55283,-19.55283,-19.55283,-20.03508
2021-06-30 11:31:16,21.61149,18.02852,22.5372,13.87744,17.80568,18.7375,18.01437,14.56332,54.69884,46.97362,57.45279,42.1927,48.75276,50.14233,50.7013,50.39461,1.82566,2.75582,1.20323,0.57853,3.68282,-2.27073,3.06511,1.82566,2.13613,-1.95041,9.55034,-1.31288,8.61833,12.06146,10.48702,10.48702,10.17421,0.57853,-10.44175,-12.32071,-11.19798,-10.82283,-12.73367,-12.73367,-10.45092,-11.19798,-9.7163,-9.7163,-23.25129,14.05395,-14.33287,-14.33287,-9.35336,-9.35336,-14.33287,-14.33287,-14.74389,-14.74389,-22.70464,-19.55283,-19.55283,-19.55283,-20.03508
2021-06-30 11:31:48,21.61149,18.02852,22.5372,13.87744,17.80568,18.7375,18.01437,14.56332,54.69884,46.97362,57.45279,42.1927,48.75276,50.14233,50.7013,50.39461,1.82566,2.75582,1.20323,0.57853,3.68282,-2.27073,3.06511,1.82566,2.13613,-1.63114,9.55034,-1.31288,8.61833,12.37872,10.48702,10.48702,10.48702,0.57853,-10.0756,-12.32071,-11.19798,-11.19798,-13.52466,-13.1271,-10.08211,-10.45092,-8.99319,-8.63567,-23.25129,13.73192,-14.33287,-14.33287,-10.82283,-10.82283,-14.74389,-14.74389,-12.73367,-12.3442,-22.70464,-19.55283,-19.55283,-20.03508,-20.03508
2021-06-30 11:32:20,21.61149,18.02852,22.5372,13.87744,17.80568,18.7375,18.01437,14.56332,54.69884,46.97362,57.45279,41.60173,48.75276,50.14233,50.7013,50.39461,1.82566,2.75582,1.20323,0.57853,3.68282,-2.27073,3.06511,1.82566,2.13613,-1.63114,9.55034,-1.31288,8.61833,12.69687,10.48702,10.48702,10.48702,0.57853,-9.71238,-11.93805,-11.5765,-11.19798,-13.92652,-13.92652,-9.7163,-10.08211,-8.99319,-9.35336,-23.25129,13.41092,-14.74389,-14.74389,-11.95852,-11.95852,-14.74389,-14.74389,-11.19798,-10.82283,-22.70464,-19.55283,-19.07857,-20.03508,-20.03508
2021-06-30 11:32:52,21.61149,18.02852,22.5372,13.87744,17.80568,18.7375,18.01437,14.56332,54.69884,46.97362,57.45279,41.60173,48.75276,50.14233,50.7013,50.39461,1.82566,2.75582,1.20323,0.57853,3.68282,-2.27073,3.06511,1.82566,2.13613,-1.63114,9.55034,-1.31288,8.61833,12.69687,10.48702,10.48702,10.48702,0.89118,-9.71238,-11.93805,-12.3442,-11.95852,-14.33287,-14.33287,-9.35336,-9.7163,-10.82283,-11.19798,-23.80998,13.09091,-15.1598,-15.1598,-12.73367,-13.1271,-15.1598,-15.1598,-9.7163,-9.7163,-22.70464,-19.07857,-19.07857,-20.03508,-20.03508
2021-06-30 11:33:24,21.61149,18.02852,22.5372,13.87744,17.80568,18.7375,18.01437,14.56332,54.69884,46.97362,57.45279,41.60173,48.75276,50.14233,50.7013,49.82742,1.82566,2.75582,1.20323,0.57853,3.68282,-2.27073,3.06511,1.82566,2.13613,-1.63114,9.55034,-1.31288,8.61833,12.69687,10.48702,10.48702,10.48702,0.89118,-9.71238,-11.93805,-12.73367,-12.3442,-14.74389,-14.74389,-9.7163,-10.08211,-12.3442,-12.73367,-23.80998,13.41092,-15.1598,-15.1598,-13.52466,-13.92652,-15.1598,-14.74389,-9.7163,-10.08211,-23.25129,-19.07857,-19.07857,-20.03508,-20.03508
2021-06-30 11:33:55,21.61149,18.02852,22.5372,13.87744,17.80568,18.7375,18.01437,14.56332,54.69884,46.97362,57.45279,41.60173,48.75276,50.14233,50.7013,49.82742,1.82566,2.75582,1.20323,0.57853,3.68282,-2.27073,3.06511,1.82566,2.13613,-1.63114,9.55034,-1.31288,8.61833,12.37872,10.48702,10.48702,10.48702,0.89118,-9.71238,-11.55896,-13.52466,-12.73367,-15.1598,-15.1598,-10.82283,-11.19798,-13.52466,-13.92652,-23.80998,13.73192,-14.33287,-14.33287,-14.33287,-14.33287,-14.74389,-14.33287,-11.19798,-11.5765,-23.25129,-19.07857,-19.55283,-20.03508,-20.03508
2021-06-30 11:34:27,21.61149,18.02852,22.5372,13.87744,17.80568,18.7375,18.01437,14.56332,54.69884,46.97362,57.45279,41.60173,48.75276,50.14233,50.7013,49.82742,1.82566,2.75582,1.20323,0.57853,3.68282,-2.27073,3.06511,1.82566,2.13613,-1.63114,9.55034,-1.31288,8.61833,12.37872,10.48702,10.48702,10.48702,0.89118,-9.71238,-11.55896,-13.92652,-13.1271,-13.92652,-13.52466,-11.5765,-11.95852,-14.74389,-15.1598,-23.80998,14.37705,-13.92652,-13.52466,-14.74389,-15.1598,-13.92652,-13.52466,-12.3442,-12.73367,-23.25129,-19.07857,-19.07857,-20.03508,-20.03508
2021-06-30 11:34:59,21.61149,18.02852,22.5372,13.87744,17.80568,18.7375,18.01437,14.56332,54.69884,46.97362,56.88352,41.60173,48.75276,50.14233,50.7013,49.82742,1.82566,2.75582,1.20323,0.57853,3.68282,-2.27073,3.06511,1.82566,2.13613,-1.63114,9.55034,-1.31288,8.61833,12.06146,10.48702,10.48702,10.17421,0.89118,-9.71238,-11.55896,-13.92652,-13.52466,-11.5765,-11.19798,-12.3442,-12.73367,-15.58081,-16.00714,-23.80998,15.02669,-13.1271,-12.73367,-15.1598,-15.58081,-13.52466,-13.1271,-13.52466,-13.92652,-23.80998,-19.07857,-19.07857,-20.03508,-20.03508
2021-06-30 11:35:31,21.61149,18.02852,22.5372,13.87744,17.80568,18.7375,18.01437,14.56332,54.69884,46.97362,56.88352,41.60173,48.75276,50.14233,50.7013,49.82742,1.82566,2.75582,1.20323,0.57853,3.68282,-2.27073,3.06511,1.82566,2.13613,-1.63114,9.55034,-1.31288,8.61833,12.06146,10.48702,10.48702,10.17421,0.89118,-9.71238,-11.55896,-14.33287,-13.92652,-10.08211,-9.7163,-12.73367,-13.52466,-14.74389,-14.33287,-23.80998,15.68119,-12.73367,-12.3442,-13.92652,-13.92652,-13.1271,-12.73367,-14.33287,-14.74389,-23.80998,-19.07857,-19.07857,-20.03508,-20.03508
2021-07-01 05:10:24,22.32308,19.52135,23.21341,14.64942,18.52083,19.43406,18.7797,15.31437,55.25565,47.54123,53.47582,43.3691,48.75276,50.70176,50.1436,50.39461,1.5147,2.75582,0.89118,0.26521,3.68282,-2.59216,2.44617,1.5147,1.5147,-2.27073,9.23921,-1.63114,8.61833,10.17421,9.862,9.862,9.55034,0.26521,-12.32071,-11.93805,-14.33287,-13.92652,-13.92652,-14.33287,-14.33287,-14.74389,-11.19798,-10.82283,-25.56624,21.14273,-15.1598,-15.1598,-11.95852,-12.3442,-13.92652,-13.52466,-8.99319,-9.35336,-24.96658,-16.38071,-16.38071,-16.8144,-17.25407
2021-07-01 05:10:56,22.32308,19.52135,23.21341,14.64942,18.52083,19.43406,18.7797,15.31437,55.25565,47.54123,53.47582,43.3691,48.75276,50.70176,50.1436,50.39461,1.5147,2.75582,0.89118,0.26521,3.68282,-2.59216,2.44617,1.5147,1.5147,-2.27073,9.23921,-1.63114,8.61833,10.17421,9.862,9.862,9.55034,0.57853,-12.32071,-11.93805,-14.74389,-14.33287,-14.74389,-14.74389,-14.74389,-15.1598,-10.45092,-10.08211,-25.56624,21.50053,-14.74389,-14.74389,-13.1271,-13.52466,-13.52466,-13.1271,-10.82283,-11.5765,-24.96658,-16.38071,-16.38071,-16.38071,-17.25407
2021-07-01 05:11:28,22.32308,19.52135,23.21341,14.64942,18.52083,19.43406,18.7797,15.31437,55.25565,47.54123,53.47582,43.3691,48.75276,50.70176,50.1436,50.39461,1.5147,2.75582,0.89118,0.26521,3.68282,-2.59216,2.44617,1.5147,1.5147,-2.27073,9.23921,-1.63114,8.61833,10.17421,9.862,9.862,9.862,0.57853,-12.32071,-11.93805,-15.1598,-14.33287,-15.1598,-15.1598,-15.1598,-15.58081,-9.7163,-9.35336,-24.96658,21.50053,-13.92652,-13.92652,-13.92652,-14.33287,-13.1271,-12.73367,-12.73367,-13.1271,-24.96658,-16.38071,-16.38071,-16.38071,-16.8144
2021-07-01 08:32:20,21.61149,18.02852,22.5372,13.87744,17.08275,18.7375,18.01437,13.80258,54.14256,46.40523,52.34116,41.60173,47.06734,49.02288,49.58565,48.69201,1.5147,2.75582,0.89118,0.26521,3.68282,-2.27073,2.44617,1.5147,1.5147,-2.59216,9.23921,-1.63114,8.61833,8.30852,8.61833,8.61833,8.61833,0.26521,-13.09737,-13.49168,-11.19798,-10.82283,-13.52466,-13.1271,-11.95852,-12.3442,-10.82283,-10.45092,-26.18145,19.73341,-10.08211,-10.08211,-10.08211,-10.08211,-10.45092,-10.08211,-11.95852,-11.5765,-24.38147,-17.25407,-17.70001,-18.15253,-18.15253
2021-07-01 08:34:15,21.61149,18.02852,22.5372,13.09522,17.08275,18.7375,18.01437,13.80258,54.14256,46.40523,52.9085,41.60173,47.06734,49.58272,49.58565,48.69201,1.5147,2.75582,0.89118,0.26521,3.3741,-2.27073,2.44617,1.5147,1.5147,-2.59216,9.23921,-1.63114,8.61833,8.30852,8.92855,8.92855,8.61833,0.26521,-13.09737,-13.09737,-12.3442,-12.3442,-15.1598,-14.74389,-14.33287,-14.74389,-16.00714,-15.1598,-26.18145,19.38621,-11.95852,-11.95852,-12.73367,-13.1271,-10.08211,-9.7163,-10.08211,-9.7163,-24.38147,-17.25407,-17.70001,-17.70001,-18.15253
2021-07-01 08:35:29,21.61149,18.02852,22.5372,13.09522,17.08275,18.7375,18.01437,13.80258,54.14256,46.40523,52.9085,41.60173,47.06734,49.58272,49.58565,49.25991,1.5147,2.75582,0.89118,0.26521,3.3741,-2.27073,2.44617,1.5147,1.5147,-2.59216,9.23921,-1.63114,8.92855,8.30852,8.92855,8.92855,8.92855,0.26521,-13.09737,-13.09737,-13.1271,-13.1271,-10.82283,-10.82283,-15.58081,-16.00714,-13.1271,-12.3442,-26.18145,19.73341,-13.1271,-12.73367,-14.74389,-15.1598,-9.7163,-9.35336,-11.19798,-11.19798,-24.38147,-17.25407,-17.70001,-17.70001,-18.15253
2021-07-01 08:37:37,21.61149,18.02852,22.5372,13.09522,17.08275,18.7375,18.01437,13.80258,54.69884,46.40523,52.9085,41.60173,47.06734,49.58272,50.1436,49.25991,1.5147,2.75582,0.89118,0.26521,3.3741,-2.27073,2.44617,1.5147,1.5147,-2.59216,9.23921,-1.63114,9.23921,8.61833,8.92855,9.23921,8.92855,0.26521,-12.7071,-12.7071,-14.33287,-13.92652,-13.52466,-13.92652,-13.1271,-13.92652,-10.08211,-9.7163,-26.18145,20.08259,-13.92652,-13.92652,-10.08211,-10.82283,-11.5765,-11.19798,-14.33287,-14.33287,-24.38147,-17.25407,-17.25407,-17.25407,-17.70001
2021-07-01 08:40:05,21.61149,18.02852,22.5372,13.09522,17.08275,18.03386,18.01437,13.80258,54.69884,46.40523,52.9085,41.60173,47.62961,49.58272,50.1436,49.82742,1.5147,2.75582,0.89118,0.26521,3.3741,-2.27073,2.44617,1.82566,1.5147,-2.27073,9.23921,-1.63114,9.23921,8.92855,9.23921,9.23921,9.23921,0.26521,-12.7071,-12.7071,-14.74389,-14.33287,-11.5765,-11.19798,-11.19798,-11.5765,-13.1271,-13.1271,-24.96658,20.43383,-14.74389,-14.74389,-14.33287,-14.33287,-13.52466,-13.52466,-10.08211,-9.7163,-23.80998,-17.25407,-17.25407,-17.25407,-17.70001
2021-07-01 08:42:13,21.61149,18.02852,22.5372,19.80277,17.08275,18.03386,18.01437,13.80258,54.69884,46.40523,53.47582,41.60173,47.62961,50.14233,50.1436,49.82742,1.5147,2.75582,0.89118,0.26521,3.3741,-2.27073,2.44617,1.82566,1.82566,-2.27073,9.23921,-1.31288,9.23921,8.92855,9.55034,9.55034,9.23921,0.26521,-12.32071,-12.32071,-14.74389,-14.74389,-12.73367,-12.73367,-10.08211,-10.45092,-13.1271,-12.3442,-24.38147,19.73341,-15.1598,-15.1598,-11.19798,-11.19798,-14.74389,-14.74389,-13.1271,-13.52466,-22.70464,-17.25407,-17.25407,-17.25407,-17.25407
2021-07-01 08:44:21,21.61149,18.02852,22.5372,23.93526,17.08275,18.03386,18.01437,13.80258,55.25565,46.97362,54.0432,42.1927,48.19139,50.14233,50.1436,49.82742,1.5147,2.75582,0.89118,0.26521,3.3741,-2.27073,2.44617,1.82566,1.82566,-2.27073,9.23921,-1.31288,9.55034,9.23921,9.55034,9.55034,9.55034,0.26521,-12.32071,-12.32071,-15.58081,-15.1598,-13.92652,-13.92652,-13.52466,-13.92652,-9.7163,-9.35336,-24.38147,19.04094,-13.92652,-13.92652,-12.3442,-12.73367,-14.33287,-13.92652,-16.00714,-16.00714,-22.70464,-16.8144,-16.8144,-16.8144,-17.25407
2021-07-01 08:46:03,21.61149,18.02852,22.5372,26.57607,17.08275,18.03386,18.01437,13.80258,55.81307,46.97362,54.0432,42.1927,48.19139,50.14233,50.7013,50.39461,1.5147,2.75582,0.89118,0.26521,3.3741,-2.27073,2.44617,1.82566,1.82566,-2.27073,9.23921,-1.31288,9.862,9.23921,9.862,9.862,9.862,0.26521,-12.32071,-12.32071,-13.92652,-12.73367,-8.99319,-8.99319,-15.1598,-15.58081,-12.3442,-13.1271,-24.38147,19.38621,-12.3442,-11.95852,-14.74389,-15.1598,-13.1271,-12.73367,-11.19798,-11.5765,-23.25129,-16.38071,-16.38071,-16.38071,-17.25407
2021-07-01 10:22:27,20.89271,18.02852,22.5372,16.90846,17.08275,18.03386,18.01437,13.80258,54.14256,46.40523,52.34116,43.3691,47.06734,49.02288,49.58565,49.25991,1.5147,2.75582,0.89118,0.26521,3.3741,-2.27073,2.44617,1.82566,1.5147,-2.59216,9.23921,-1.63114,9.23921,8.61833,8.92855,8.92855,8.92855,0.26521,-12.7071,-12.7071,-10.08211,-10.08211,-8.63567,-7.9282,-14.33287,-14.33287,-10.08211,-8.99319,-25.56624,20.08259,-10.82283,-10.82283,-8.99319,-8.99319,-11.5765,-11.5765,-11.5765,-11.19798,-23.25129,-21.5343,-22.05318,-22.05318,-22.58255
2021-07-01 10:23:41,20.89271,18.02852,22.5372,16.90846,17.08275,18.03386,18.01437,13.80258,54.14256,46.40523,52.34116,43.3691,47.62961,49.58272,49.58565,49.25991,1.5147,2.75582,0.89118,0.26521,3.3741,-2.27073,2.44617,1.82566,1.5147,-2.59216,9.23921,-1.63114,9.23921,8.61833,9.23921,9.23921,8.92855,0.26521,-12.7071,-12.7071,-10.45092,-10.45092,-10.82283,-10.82283,-14.74389,-14.74389,-8.99319,-7.9282,-25.56624,20.08259,-11.5765,-11.5765,-11.19798,-11.19798,-12.73367,-12.73367,-15.1598,-15.1598,-23.25129,-21.5343,-21.5343,-22.05318,-22.05318
2021-07-01 10:25:49,20.89271,18.02852,22.5372,16.16449,17.08275,18.03386,18.01437,13.80258,54.14256,46.40523,52.9085,43.3691,47.62961,49.58272,49.58565,49.82742,1.5147,2.75582,0.89118,0.26521,3.3741,-2.27073,2.44617,1.82566,1.5147,-2.27073,9.23921,-1.63114,9.23921,9.862,9.23921,9.23921,9.23921,0.26521,-11.93805,-12.7071,-10.45092,-10.45092,-14.33287,-13.92652,-15.1598,-15.1598,-14.74389,-14.33287,-25.56624,19.73341,-12.3442,-12.3442,-14.74389,-15.1598,-14.33287,-14.33287,-11.19798,-10.82283,-22.70464,-21.5343,-21.5343,-22.05318,-22.05318
2021-07-01 10:27:57,20.89271,18.02852,22.5372,16.16449,17.08275,18.03386,18.01437,13.80258,54.69884,46.97362,52.9085,43.3691,47.62961,49.58272,49.58565,49.82742,1.5147,2.75582,0.89118,0.26521,3.3741,-2.27073,2.44617,2.13613,1.82566,-2.27073,9.23921,-1.31288,9.862,11.1146,9.55034,9.55034,9.55034,0.57853,-10.44175,-12.32071,-10.45092,-10.45092,-14.74389,-14.33287,-11.19798,-11.19798,-13.1271,-11.95852,-24.96658,19.73341,-13.1271,-13.1271,-11.95852,-11.95852,-15.58081,-15.58081,-9.35336,-8.99319,-22.16933,-21.5343,-21.02535,-22.05318,-22.05318
2021-07-01 10:30:05,20.89271,18.02852,22.5372,16.16449,17.08275,18.03386,18.01437,13.80258,54.69884,46.97362,53.47582,43.3691,48.19139,50.14233,49.58565,50.39461,1.5147,2.75582,0.89118,0.26521,3.3741,-2.27073,2.44617,2.13613,1.82566,-2.27073,9.23921,-1.31288,10.17421,12.37872,9.862,9.862,9.862,0.89118,-9.35197,-11.93805,-10.45092,-10.45092,-8.63567,-8.28071,-9.7163,-9.7163,-9.7163,-9.35336,-24.38147,19.38621,-13.52466,-13.52466,-8.63567,-8.63567,-13.52466,-13.1271,-15.58081,-15.58081,-21.64472,-21.02535,-20.52577,-21.5343,-21.5343
2021-07-01 10:32:13,20.89271,18.02852,22.5372,16.16449,17.08275,18.03386,18.01437,13.80258,55.25565,46.97362,54.0432,43.3691,48.19139,50.14233,50.1436,50.39461,1.5147,2.75582,0.89118,0.57853,3.3741,-2.27073,2.44617,2.13613,1.82566,-2.27073,9.23921,-1.31288,10.17421,13.33599,10.17421,10.17421,9.862,1.20323,-8.28655,-11.55896,-10.45092,-10.45092,-12.73367,-12.73367,-12.3442,-12.73367,-15.1598,-14.74389,-24.38147,18.69753,-13.92652,-13.92652,-13.92652,-13.92652,-11.5765,-11.19798,-12.73367,-12.3442,-21.64472,-21.02535,-20.52577,-21.5343,-21.5343
2021-07-01 10:34:21,20.89271,18.02852,22.5372,16.16449,17.08275,18.03386,18.01437,13.80258,55.81307,46.97362,54.61071,43.3691,48.75276,50.70176,50.1436,50.39461,1.5147,2.75582,0.89118,0.57853,3.3741,-2.27073,2.44617,2.13613,1.82566,-1.95041,9.23921,-1.31288,10.17421,13.65706,10.48702,10.17421,10.17421,1.5147,-7.58844,-11.1833,-11.5765,-11.5765,-13.92652,-14.33287,-13.52466,-14.33287,-11.19798,-10.82283,-24.38147,18.01607,-15.1598,-15.1598,-13.1271,-13.52466,-10.45092,-10.08211,-9.35336,-9.35336,-21.64472,-20.52577,-20.52577,-21.02535,-21.5343
2021-07-01 10:36:37,20.89271,18.02852,22.5372,16.16449,17.08275,18.03386,18.01437,14.56332,55.81307,47.54123,54.61071,43.3691,48.75276,50.70176,50.1436,50.96157,1.5147,2.75582,0.89118,0.57853,3.3741,-1.95041,2.44617,2.13613,2.13613,-1.95041,9.23921,-1.31288,10.17421,13.01594,10.48702,10.17421,10.17421,1.5147,-8.28655,-10.81094,-13.92652,-13.1271,-15.1598,-15.58081,-15.1598,-15.58081,-10.82283,-11.5765,-24.38147,19.04094,-13.52466,-13.1271,-11.19798,-11.5765,-9.7163,-9.35336,-13.92652,-14.74389,-22.70464,-20.52577,-20.52577,-20.52577,-21.02535
2021-07-01 10:38:18,21.61149,18.02852,22.5372,16.16449,17.08275,18.03386,18.01437,14.56332,55.81307,47.54123,54.61071,43.3691,48.75276,50.70176,50.7013,50.96157,1.5147,2.75582,0.89118,0.57853,3.3741,-1.95041,2.44617,2.13613,2.13613,-1.63114,9.23921,-1.31288,10.17421,12.37872,10.17421,10.17421,10.17421,1.82566,-8.63916,-10.81094,-14.74389,-14.33287,-9.7163,-9.35336,-13.1271,-13.52466,-15.1598,-15.58081,-24.38147,20.08259,-11.95852,-11.5765,-14.33287,-14.74389,-11.5765,-11.19798,-14.74389,-14.74389,-22.70464,-20.03508,-20.03508,-20.52577,-20.52577
2021-07-01 10:38:50,21.61149,18.02852,22.5372,16.16449,17.08275,18.03386,18.01437,14.56332,56.37117,47.54123,54.61071,43.3691,48.75276,50.70176,50.7013,50.96157,1.5147,2.75582,0.89118,0.57853,3.3741,-1.95041,2.44617,2.13613,2.13613,-1.63114,9.23921,-1.31288,10.17421,12.06146,10.17421,10.17421,10.17421,1.82566,-8.99426,-10.81094,-15.1598,-14.33287,-8.63567,-8.28071,-12.3442,-12.73367,-15.58081,-16.00714,-24.38147,20.43383,-11.5765,-11.19798,-14.74389,-15.1598,-11.95852,-11.95852,-13.1271,-13.1271,-22.70464,-20.03508,-20.03508,-20.03508,-20.52577
2021-07-01 10:39:22,21.61149,18.02852,22.5372,16.16449,17.08275,18.03386,18.01437,14.56332,56.37117,47.54123,54.61071,43.3691,48.75276,50.70176,50.7013,50.96157,1.5147,2.75582,1.20323,0.57853,3.3741,-1.95041,2.44617,2.13613,2.13613,-1.63114,9.23921,-0.99556,10.17421,12.06146,10.17421,10.17421,10.17421,1.82566,-8.99426,-10.81094,-15.1598,-14.74389,-10.08211,-10.45092,-11.95852,-12.3442,-13.92652,-13.92652,-24.38147,20.78718,-11.19798,-10.82283,-15.58081,-16.00714,-12.73367,-12.73367,-11.5765,-11.95852,-22.70464,-20.03508,-20.03508,-20.03508,-20.52577
2021-07-01 12:28:39,21.61149,18.02852,23.21341,13.87744,17.08275,18.03386,18.01437,14.56332,56.37117,47.54123,55.17842,42.1927,47.62961,50.70176,51.2588,50.96157,1.5147,2.75582,1.20323,0.57853,3.3741,-1.95041,2.75582,2.44617,2.44617,-1.63114,9.23921,-0.99556,11.1146,9.862,10.48702,10.48702,10.48702,0.89118,-12.7071,-12.7071,-12.3442,-11.19798,-13.92652,-13.92652,-9.7163,-10.08211,-10.82283,-10.82283,-23.25129,21.50053,-11.5765,-11.5765,-11.95852,-12.3442,-14.74389,-14.74389,-13.52466,-13.92652,-23.25129,-15.53021,-15.53021,-15.95273,-15.95273
2021-07-01 12:30:21,21.61149,18.02852,23.21341,13.87744,17.08275,18.03386,18.01437,14.56332,56.37117,47.54123,55.17842,42.1927,47.62961,50.70176,51.2588,51.52837,1.5147,2.75582,1.20323,0.57853,3.3741,-1.63114,2.75582,2.44617,2.44617,-1.63114,9.23921,-0.99556,11.1146,9.862,10.48702,10.17421,10.17421,0.89118,-12.7071,-12.7071,-11.19798,-10.08211,-15.58081,-15.58081,-12.73367,-13.1271,-11.5765,-11.95852,-23.25129,22.58823,-13.1271,-13.1271,-14.74389,-14.74389,-14.74389,-14.74389,-16.00714,-16.43905,-23.80998,-15.11292,-15.53021,-15.95273,-15.95273
2021-07-01 12:32:29,21.61149,18.02852,23.21341,13.87744,17.08275,18.03386,18.01437,14.56332,56.37117,47.54123,55.17842,42.78179,48.19139,51.2611,51.2588,51.52837,1.5147,2.75582,1.20323,0.57853,3.3741,-1.63114,2.75582,2.44617,2.44617,-1.31288,9.23921,-0.99556,11.1146,9.862,10.17421,10.17421,10.17421,0.89118,-12.7071,-12.7071,-10.08211,-8.99319,-10.08211,-9.35336,-14.74389,-15.1598,-16.43905,-16.87678,-23.25129,23.32604,-14.33287,-14.33287,-12.73367,-13.1271,-12.73367,-12.3442,-10.82283,-10.82283,-23.80998,-15.11292,-15.11292,-15.53021,-15.95273
